FIPS,County Name,YEAR,POPESTIMATE,POPEST_MALE,POPEST_FEM,MEDIAN_AGE_TOT,MEDIAN_AGE_MALE,MEDIAN_AGE_FEM,AGEUNDER13_TOT,AGE1424_TOT,AGE2544_TOT,AGE4564_TOT,AGE65PLUS_TOT
1,Alameda,1,1510271,740573,769698,36.6,35.6,37.5,264726,225985,455695,396119,167746
1,Alameda,2,1510258,740568,769690,36.6,35.6,37.5,264724,225983,455693,396111,167747
1,Alameda,3,1512986,741756,771230,36.6,35.7,37.6,264711,225647,455901,397746,168981
1,Alameda,4,1530915,750107,780808,36.8,35.9,37.8,265724,225565,460352,404834,174440
1,Alameda,5,1553764,760739,793025,37.0,36.1,37.9,267456,225159,469410,408585,183154
1,Alameda,6,1579593,773696,805897,37.1,36.2,38.0,270050,223513,481358,413228,191444
1,Alameda,7,1607792,787690,820102,37.2,36.2,38.1,271641,221830,495871,418326,200124
1,Alameda,8,1634538,801625,832913,37.2,36.3,38.1,273117,218692,510267,423594,208868
1,Alameda,9,1650950,810926,840024,37.3,36.5,38.2,272560,215326,520335,425960,216769
1,Alameda,10,1660196,816390,843806,37.5,36.7,38.3,271093,213497,525802,425663,224141
1,Alameda,11,1666756,820231,846525,37.7,36.9,38.5,268664,211499,530146,424885,231562
1,Alameda,12,1671329,823247,848082,37.9,37.0,38.7,266080,209963,534669,421854,238763
3,Alpine,1,1175,606,569,46.7,47.5,45.4,204,122,233,450,166
3,Alpine,2,1175,606,569,46.7,47.5,45.4,204,122,233,450,166
3,Alpine,3,1161,600,561,46.8,47.6,45.6,205,119,227,444,166
3,Alpine,4,1093,566,527,48.3,48.9,47.5,166,107,215,438,167
3,Alpine,5,1110,583,527,47.2,47.9,46.6,190,114,217,404,185
3,Alpine,6,1128,590,538,47.4,47.6,47.3,182,134,207,396,209
3,Alpine,7,1080,552,528,47.8,47.8,47.8,164,129,204,368,215
3,Alpine,8,1077,563,514,48.5,48.3,48.9,156,130,196,371,224
3,Alpine,9,1047,554,493,49.9,49.9,49.8,141,125,172,371,238
3,Alpine,10,1111,606,505,49.0,47.8,50.1,147,148,204,358,254
3,Alpine,11,1089,582,507,51.7,51.0,52.4,130,145,186,350,278
3,Alpine,12,1129,609,520,49.9,49.8,50.0,144,154,206,327,298
5,Amador,1,38091,20749,17342,48.2,46.5,50.7,4552,4351,8158,13165,7865
5,Amador,2,38091,20749,17342,48.2,46.5,50.7,4552,4351,8158,13165,7865
5,Amador,3,37886,20562,17324,48.5,46.7,50.8,4516,4280,8070,13086,7934
5,Amador,4,37543,20304,17239,48.9,47.1,51.3,4393,4165,7995,12887,8103
5,Amador,5,37104,19955,17149,49.6,47.8,52.0,4287,3896,7868,12496,8557
5,Amador,6,36620,19476,17144,50.3,48.4,52.6,4221,3825,7575,12125,8874
5,Amador,7,36726,19512,17214,50.7,48.6,53.1,4206,3822,7595,11892,9211
5,Amador,8,37031,19665,17366,50.7,48.4,53.4,4293,3715,7737,11739,9547
5,Amador,9,37429,19839,17590,50.7,48.3,53.4,4460,3621,7956,11559,9833
5,Amador,10,38529,20744,17785,50.4,47.8,53.7,4477,3649,8494,11711,10198
5,Amador,11,39405,21435,17970,50.1,47.7,53.9,4570,3600,8955,11703,10577
5,Amador,12,39752,21638,18114,50.3,47.7,54.2,4604,3595,9090,11518,10945
7,Butte,1,220000,108931,111069,37.2,35.2,39.3,35002,43416,50010,57755,33817
7,Butte,2,220005,108933,111072,37.2,35.2,39.3,35003,43417,50010,57758,33817
7,Butte,3,219949,108855,111094,37.2,35.2,39.3,34944,43404,49960,57723,33918
7,Butte,4,219975,108974,111001,37.1,35.2,39.2,34856,43771,49576,57421,34351
7,Butte,5,220869,109419,111450,37.0,35.1,39.1,34810,44747,49140,56486,35686
7,Butte,6,221641,109707,111934,37.0,35.1,38.9,34769,44958,49490,55814,36610
7,Butte,7,223516,110561,112955,36.9,35.1,38.9,35010,44794,50470,55440,37802
7,Butte,8,224631,111067,113564,37.0,35.3,38.9,35057,44088,51529,54966,38991
7,Butte,9,226231,111821,114410,37.0,35.5,38.9,35233,43208,53077,54436,40277
7,Butte,10,228696,112940,115756,37.1,35.6,38.8,35535,43116,54439,54151,41455
7,Butte,11,230339,113816,116523,37.2,35.8,38.8,35714,43115,55444,53378,42688
7,Butte,12,219186,108473,110713,36.8,35.5,38.2,34393,41622,53530,49413,40228
9,Calaveras,1,45578,22822,22756,49.2,48.4,49.9,6427,5350,8213,16023,9565
9,Calaveras,2,45578,22822,22756,49.2,48.4,49.9,6427,5350,8213,16023,9565
9,Calaveras,3,45468,22752,22716,49.3,48.5,50.0,6349,5348,8172,15970,9629
9,Calaveras,4,45160,22608,22552,49.9,49.1,50.6,6095,5350,8076,15670,9969
9,Calaveras,5,44815,22456,22359,50.5,49.8,51.3,5871,5313,7886,15243,10502
9,Calaveras,6,44655,22345,22310,51.0,50.3,51.8,5734,5261,7830,14933,10897
9,Calaveras,7,44671,22356,22315,51.5,50.6,52.4,5645,5175,7903,14674,11274
9,Calaveras,8,44965,22450,22515,51.9,51.0,52.8,5653,5073,8002,14524,11713
9,Calaveras,9,45322,22591,22731,52.0,51.0,53.0,5675,4978,8195,14422,12052
9,Calaveras,10,45681,22762,22919,51.9,50.8,53.0,5748,4889,8550,14193,12301
9,Calaveras,11,45698,22747,22951,52.0,50.8,53.1,5785,4780,8700,13847,12586
9,Calaveras,12,45905,22847,23058,51.9,50.6,53.1,5893,4657,8968,13521,12866
11,Colusa,1,21419,11012,10407,33.5,32.5,34.6,4919,3407,5458,5140,2495
11,Colusa,2,21407,11004,10403,33.5,32.4,34.6,4919,3407,5456,5134,2491
11,Colusa,3,21437,11034,10403,33.6,32.6,34.6,4902,3406,5457,5161,2511
11,Colusa,4,21323,10976,10347,33.8,32.7,34.7,4884,3371,5365,5168,2535
11,Colusa,5,21284,10944,10340,34.1,32.9,35.2,4755,3400,5296,5189,2644
11,Colusa,6,21250,10923,10327,34.1,33.1,35.4,4684,3414,5265,5149,2738
11,Colusa,7,21176,10844,10332,34.3,33.3,35.5,4619,3395,5215,5124,2823
11,Colusa,8,21231,10850,10381,34.7,33.8,35.6,4558,3393,5209,5147,2924
11,Colusa,9,21496,10978,10518,34.9,34.1,35.7,4613,3369,5326,5183,3005
11,Colusa,10,21579,11006,10573,34.8,34.1,35.5,4648,3354,5413,5110,3054
11,Colusa,11,21418,10925,10493,35.0,34.4,35.8,4531,3312,5436,5022,3117
11,Colusa,12,21547,10975,10572,35.3,34.7,35.9,4501,3279,5579,4974,3214
13,Contra Costa,1,1049025,511526,537499,38.5,37.1,39.7,198509,148947,278293,292838,130438
13,Contra Costa,2,1049204,511613,537591,38.5,37.1,39.7,198509,148949,278301,292874,130571
13,Contra Costa,3,1052540,513203,539337,38.5,37.1,39.7,198464,149412,278734,294238,131692
13,Contra Costa,4,1065440,519361,546079,38.7,37.4,39.9,198533,151363,279817,299346,136381
13,Contra Costa,5,1077548,525387,552161,38.9,37.6,40.2,198254,153099,280827,301310,144058
13,Contra Costa,6,1093401,533254,560147,39.1,37.8,40.3,199060,155412,283576,304404,150949
13,Contra Costa,7,1108876,541082,567794,39.2,37.9,40.4,199601,156796,287136,307767,157576
13,Contra Costa,8,1124405,548866,575539,39.3,37.9,40.5,200354,157492,290897,311557,164105
13,Contra Costa,9,1137268,555612,581656,39.4,38.0,40.6,200399,156586,296570,313583,170130
13,Contra Costa,10,1145535,559900,585635,39.5,38.2,40.8,199633,156240,299895,313954,175813
13,Contra Costa,11,1150519,562835,587684,39.7,38.5,41.0,197917,155542,302176,313220,181664
13,Contra Costa,12,1153526,564187,589339,40.0,38.7,41.2,196269,154885,303145,311523,187704
15,Del Norte,1,28610,15907,12703,39.1,37.3,42.2,4660,3997,7913,8167,3873
15,Del Norte,2,28610,15907,12703,39.1,37.3,42.2,4660,3997,7913,8167,3873
15,Del Norte,3,28566,15877,12689,39.1,37.4,42.1,4666,3977,7889,8149,3885
15,Del Norte,4,28443,15819,12624,39.1,37.3,42.1,4618,3929,7851,8124,3921
15,Del Norte,5,28190,15663,12527,39.1,37.3,42.4,4579,3862,7768,7918,4063
15,Del Norte,6,27816,15407,12409,39.3,37.4,42.7,4583,3675,7590,7801,4167
15,Del Norte,7,27175,14858,12317,39.6,37.7,43.0,4504,3495,7360,7540,4276
15,Del Norte,8,27190,14883,12307,39.8,37.8,43.4,4440,3470,7367,7463,4450
15,Del Norte,9,27382,14885,12497,39.8,37.8,43.2,4573,3396,7367,7431,4615
15,Del Norte,10,27351,14744,12607,39.7,38.0,42.9,4656,3347,7303,7260,4785
15,Del Norte,11,27740,15131,12609,39.8,38.0,43.0,4600,3363,7622,7200,4955
15,Del Norte,12,27812,15186,12626,40.1,38.4,43.4,4549,3336,7681,7123,5123
17,El Dorado,1,181058,90571,90487,43.6,42.6,44.5,30541,24084,39447,60462,26524
17,El Dorado,2,181058,90572,90486,43.6,42.6,44.5,30541,24084,39447,60462,26524
17,El Dorado,3,181136,90588,90548,43.7,42.7,44.6,30350,24113,39338,60558,26777
17,El Dorado,4,180936,90450,90486,44.2,43.2,45.2,29544,24328,38442,60780,27842
17,El Dorado,5,180575,90238,90337,44.7,43.7,45.6,28952,24228,37920,59778,29697
17,El Dorado,6,181481,90703,90778,45.0,44.1,46.0,28464,24192,38029,59389,31407
17,El Dorado,7,183108,91551,91557,45.3,44.3,46.3,28264,24300,38257,59081,33206
17,El Dorado,8,184569,92136,92433,45.5,44.5,46.5,28253,23991,38655,58807,34863
17,El Dorado,9,185976,92659,93317,46.0,45.0,46.9,28200,23464,38881,58783,36648
17,El Dorado,10,188679,93992,94687,46.2,45.1,47.2,28321,23235,40066,58564,38493
17,El Dorado,11,190746,95065,95681,46.4,45.3,47.5,28324,23049,40902,58008,40463
17,El Dorado,12,192843,96158,96685,46.5,45.5,47.6,28404,23010,41839,57286,42304
19,Fresno,1,930450,464811,465639,30.6,29.8,31.6,214119,171906,247098,203906,93421
19,Fresno,2,930507,464842,465665,30.6,29.8,31.6,214134,171924,247110,203913,93426
19,Fresno,3,932039,465306,466733,30.7,29.9,31.6,214338,171556,247723,204559,93863
19,Fresno,4,939406,468448,470958,30.9,30.0,31.8,215525,170470,249997,207287,96127
19,Fresno,5,945045,471053,473992,31.1,30.2,32.1,216288,169156,252041,207856,99704
19,Fresno,6,951514,474402,477112,31.4,30.5,32.2,216993,167504,255001,209112,102904
19,Fresno,7,960567,479305,481262,31.6,30.7,32.4,218169,166057,259079,210651,106611
19,Fresno,8,969488,483620,485868,31.8,30.9,32.6,219538,163581,263974,211994,110401
19,Fresno,9,976830,487152,489678,32.0,31.2,32.8,221009,159961,268878,212822,114160
19,Fresno,10,985238,491409,493829,32.2,31.4,33.1,221707,158113,274081,213542,117795
19,Fresno,11,991950,494736,497214,32.5,31.7,33.3,221879,157607,277334,213684,121446
19,Fresno,12,999101,498648,500453,32.7,32.0,33.5,221083,157518,281719,213346,125435
21,Glenn,1,28122,14191,13931,35.3,34.4,36.2,6055,4391,6853,7086,3737
21,Glenn,2,28122,14191,13931,35.3,34.4,36.2,6055,4391,6853,7086,3737
21,Glenn,3,28127,14195,13932,35.4,34.5,36.4,6036,4394,6830,7109,3758
21,Glenn,4,28139,14210,13929,35.5,34.5,36.6,5975,4419,6765,7183,3797
21,Glenn,5,27851,14043,13808,35.9,34.7,36.9,5835,4376,6631,7118,3891
21,Glenn,6,27809,14043,13766,36.1,35.0,37.1,5781,4307,6639,7054,4028
21,Glenn,7,27831,14046,13785,35.9,35.0,36.8,5788,4282,6694,6969,4098
21,Glenn,8,27753,13998,13755,36.0,35.1,36.9,5755,4301,6655,6892,4150
21,Glenn,9,27840,14115,13725,36.0,35.2,37.0,5774,4273,6672,6853,4268
21,Glenn,10,27926,14175,13751,36.1,35.2,37.1,5844,4171,6791,6781,4339
21,Glenn,11,27967,14217,13750,36.0,35.0,36.9,5889,4154,6838,6703,4383
21,Glenn,12,28393,14462,13931,36.0,34.9,37.1,5892,4269,7028,6728,4476
23,Humboldt,1,134623,67595,67028,37.1,35.9,38.6,20884,22829,35063,38122,17725
23,Humboldt,2,134611,67589,67022,37.1,35.9,38.6,20884,22829,35063,38119,17716
23,Humboldt,3,135009,67792,67217,37.0,35.9,38.5,20881,23196,35100,38033,17799
23,Humboldt,4,135243,67846,67397,37.2,36.2,38.5,20724,23598,34927,37747,18247
23,Humboldt,5,134572,67351,67221,37.4,36.5,38.5,20470,23754,34537,36689,19122
23,Humboldt,6,134403,67164,67239,37.6,36.8,38.6,20518,23764,34316,35967,19838
23,Humboldt,7,134494,67210,67284,37.7,36.9,38.6,20540,23687,34376,35120,20771
23,Humboldt,8,135102,67439,67663,37.8,37.0,38.7,20583,23551,34670,34472,21826
23,Humboldt,9,136290,67998,68292,37.9,37.2,38.8,20670,23486,35377,33964,22793
23,Humboldt,10,136507,67987,68520,38.2,37.4,39.0,20590,23180,35832,33279,23626
23,Humboldt,11,136244,67786,68458,38.5,37.8,39.3,20338,22940,35931,32589,24446
23,Humboldt,12,135558,67241,68317,38.9,38.1,39.7,19908,22752,35692,32017,25189
25,Imperial,1,174528,89646,84882,31.9,31.0,33.2,38992,31146,47138,39100,18152
25,Imperial,2,174524,89645,84879,31.9,31.0,33.2,38991,31146,47137,39098,18152
25,Imperial,3,174716,89652,85064,31.9,30.9,33.1,39007,31245,47102,39104,18258
25,Imperial,4,175786,90216,85570,31.8,30.8,33.1,39150,31550,47027,39387,18672
25,Imperial,5,176575,90625,85950,31.9,30.9,33.1,39313,31502,47001,39413,19346
25,Imperial,6,176438,89989,86449,31.9,30.8,33.2,39553,31284,46318,39248,20035
25,Imperial,7,177974,90872,87102,32.0,30.8,33.3,39937,31257,46759,39306,20715
25,Imperial,8,178937,91405,87532,32.1,30.9,33.4,40352,30655,47273,39269,21388
25,Imperial,9,180179,92077,88102,32.1,31.1,33.4,40832,30192,47998,39141,22016
25,Imperial,10,181649,93254,88395,32.2,31.3,33.5,40896,29917,49001,39053,22782
25,Imperial,11,181523,93119,88404,32.4,31.4,33.6,40830,29454,49119,38709,23411
25,Imperial,12,181215,92878,88337,32.7,31.7,33.8,40526,29072,49206,38274,24137
27,Inyo,1,18546,9354,9192,45.6,44.5,46.6,2940,2201,3989,5881,3535
27,Inyo,2,18542,9351,9191,45.6,44.5,46.6,2940,2200,3988,5880,3534
27,Inyo,3,18511,9338,9173,45.7,44.5,46.7,2919,2207,3972,5864,3549
27,Inyo,4,18392,9264,9128,45.6,44.3,46.7,2882,2241,3948,5760,3561
27,Inyo,5,18351,9224,9127,45.3,44.1,46.6,2908,2218,3984,5601,3640
27,Inyo,6,18357,9202,9155,45.4,44.2,46.6,2939,2219,3936,5528,3735
27,Inyo,7,18292,9170,9122,45.6,44.4,46.8,2924,2161,3948,5426,3833
27,Inyo,8,18108,9066,9042,45.9,44.7,47.2,2920,2081,3873,5297,3937
27,Inyo,9,17922,8998,8924,46.0,44.5,47.5,2873,2025,3864,5158,4002
27,Inyo,10,17868,9011,8857,45.9,44.2,47.4,2890,1986,3895,5044,4053
27,Inyo,11,17946,9016,8930,45.5,44.2,46.9,2950,1953,3969,4936,4138
27,Inyo,12,18039,9036,9003,45.1,43.9,46.3,2947,1944,4114,4806,4228
29,Kern,1,839631,433108,406523,30.7,30.1,31.3,196228,151656,230546,185764,75437
29,Kern,2,839621,433103,406518,30.7,30.1,31.3,196226,151652,230544,185762,75437
29,Kern,3,840996,433447,407549,30.7,30.2,31.3,196436,151553,230736,186465,75806
29,Kern,4,847970,436331,411639,30.8,30.3,31.4,197315,151828,232442,188831,77554
29,Kern,5,853606,437247,416359,30.9,30.3,31.5,198958,151737,232532,189586,80793
29,Kern,6,862000,441128,420872,31.0,30.4,31.6,201100,151648,235307,190489,83456
29,Kern,7,869176,445355,423821,31.1,30.6,31.7,201532,151440,238507,191677,86020
29,Kern,8,876031,449123,426908,31.2,30.7,31.9,202097,150358,242119,192848,88609
29,Kern,9,880856,451394,429462,31.4,30.9,32.0,202230,147886,245758,193394,91588
29,Kern,10,887356,454692,432664,31.6,31.1,32.2,202917,146452,249721,193705,94561
29,Kern,11,893758,457823,435935,31.8,31.3,32.4,202861,146163,253241,193742,97751
29,Kern,12,900202,461034,439168,32.0,31.5,32.6,202600,146240,256814,193393,101155
31,Kings,1,152982,86344,66638,31.1,31.8,30.0,33527,26752,47467,33206,12030
31,Kings,2,152974,86340,66634,31.1,31.8,30.0,33524,26750,47465,33206,12029
31,Kings,3,152370,85708,66662,31.1,31.8,30.0,33419,26657,47137,33065,12092
31,Kings,4,151868,85082,66786,31.2,31.8,30.2,33291,26391,46673,33090,12423
31,Kings,5,150991,84409,66582,31.4,32.0,30.4,32689,26183,46341,32858,12920
31,Kings,6,150337,83599,66738,31.4,31.9,30.6,32701,26049,45673,32575,13339
31,Kings,7,149495,82588,66907,31.4,31.8,30.8,32513,25945,45150,32110,13777
31,Kings,8,150085,82865,67220,31.5,31.8,30.9,32463,25904,45348,32142,14228
31,Kings,9,149382,82312,67070,31.6,31.9,31.2,32218,25315,45341,31894,14614
31,Kings,10,149665,82065,67600,31.6,31.9,31.3,32442,25120,45543,31513,15047
31,Kings,11,151382,83208,68174,31.8,32.1,31.4,32726,25001,46495,31607,15553
31,Kings,12,152940,84342,68598,32.0,32.3,31.6,32868,25045,47391,31608,16028
33,Lake,1,64665,32469,32196,45.0,43.9,45.9,10264,8383,13698,20880,11440
33,Lake,2,64662,32467,32195,45.0,43.9,45.9,10264,8383,13698,20879,11438
33,Lake,3,64735,32471,32264,45.1,44.0,46.0,10236,8385,13696,20914,11504
33,Lake,4,64251,32167,32084,45.6,44.4,46.6,10038,8195,13406,20823,11789
33,Lake,5,63954,32032,31922,45.8,44.5,46.9,10042,8062,13245,20300,12305
33,Lake,6,63796,31867,31929,46.1,44.7,47.3,9995,7881,13285,19864,12771
33,Lake,7,64044,31950,32094,46.0,44.7,47.3,10107,7756,13437,19452,13292
33,Lake,8,64260,32004,32256,46.1,45.0,47.3,10261,7496,13488,19221,13794
33,Lake,9,63903,31850,32053,46.1,44.6,47.3,10306,7277,13541,18727,14052
33,Lake,10,64111,31924,32187,45.9,44.2,47.1,10429,7203,13885,18299,14295
33,Lake,11,64317,32086,32231,45.6,43.9,47.1,10586,7148,14065,17880,14638
33,Lake,12,64386,32194,32192,45.2,43.6,46.8,10703,7158,14210,17466,14849
35,Lassen,1,34895,22416,12479,37.1,35.5,40.9,4705,5306,11850,9560,3474
35,Lassen,2,34895,22416,12479,37.1,35.5,40.9,4705,5306,11850,9560,3474
35,Lassen,3,34831,22405,12426,37.0,35.5,40.9,4671,5304,11854,9534,3468
35,Lassen,4,34246,22082,12164,37.2,35.7,41.4,4423,5200,11685,9402,3536
35,Lassen,5,33629,21664,11965,37.3,35.8,41.6,4337,5072,11433,9133,3654
35,Lassen,6,32129,20368,11761,37.6,36.1,42.0,4221,4816,10609,8644,3839
35,Lassen,7,31664,20183,11481,38.0,36.3,42.6,4006,4702,10502,8483,3971
35,Lassen,8,31256,19743,11513,37.8,36.2,42.4,4026,4586,10307,8258,4079
35,Lassen,9,30721,19142,11579,37.7,36.2,42.1,4114,4403,10002,8024,4178
35,Lassen,10,30920,19377,11543,37.7,36.1,42.2,4153,4304,10211,7902,4350
35,Lassen,11,30618,19086,11532,37.8,36.2,42.1,4154,4152,10168,7582,4562
35,Lassen,12,30573,19026,11547,37.9,36.2,42.5,4124,4087,10190,7434,4738
37,Los Angeles,1,9818605,4839654,4978951,34.8,33.6,35.9,1815597,1649149,2906057,2382103,1065699
37,Los Angeles,2,9819968,4840321,4979647,34.8,33.6,35.9,1815949,1649404,2906536,2382319,1065760
37,Los Angeles,3,9823246,4840919,4982327,34.8,33.7,36.0,1810038,1645672,2904470,2391092,1071974
37,Los Angeles,4,9876482,4864731,5011751,35.1,33.9,36.2,1798137,1638743,2911581,2429999,1098022
37,Los Angeles,5,9935375,4893409,5041966,35.3,34.1,36.5,1785884,1628181,2926996,2454221,1140093
37,Los Angeles,6,9992484,4922493,5069991,35.5,34.3,36.7,1776399,1608772,2946681,2482355,1178277
37,Los Angeles,7,10040072,4946445,5093627,35.7,34.6,37.0,1764078,1586842,2962190,2508970,1217992
37,Los Angeles,8,10085416,4969812,5115604,36.0,34.9,37.2,1753265,1555125,2979274,2537982,1259770
37,Los Angeles,9,10105708,4980373,5125335,36.2,35.1,37.4,1739711,1514027,2999223,2555147,1297600
37,Los Angeles,10,10103711,4980981,5122730,36.5,35.4,37.7,1719207,1478612,3011274,2559427,1335191
37,Los Angeles,11,10073906,4966715,5107191,36.8,35.7,38.0,1689866,1446055,3013531,2550855,1373599
37,Los Angeles,12,10039107,4949041,5090066,37.1,36.0,38.3,1661078,1416416,3012024,2535836,1413753
39,Madera,1,150865,72682,78183,33.0,31.4,34.3,33125,25625,39729,35124,17262
39,Madera,2,150834,72665,78169,33.0,31.4,34.3,33116,25613,39723,35122,17260
39,Madera,3,150986,72765,78221,33.0,31.5,34.3,33153,25600,39719,35206,17308
39,Madera,4,151675,73116,78559,33.1,31.7,34.3,33152,25566,39788,35500,17669
39,Madera,5,151527,73482,78045,33.2,32.0,34.3,33336,25216,39447,35109,18419
39,Madera,6,151370,73544,77826,33.4,32.3,34.4,33177,25075,39278,34960,18880
39,Madera,7,153456,73844,79612,33.7,32.5,34.6,33316,25065,40302,35272,19501
39,Madera,8,153576,74036,79540,33.8,32.7,34.8,33259,24676,40326,35207,20108
39,Madera,9,153956,74383,79573,34.0,32.9,35.0,33331,24309,40361,35233,20722
39,Madera,10,155423,74914,80509,34.2,33.1,35.1,33631,24096,41084,35345,21267
39,Madera,11,156882,75596,81286,34.3,33.2,35.3,33776,24148,41688,35322,21948
39,Madera,12,157327,75885,81442,34.5,33.5,35.4,33742,24006,41791,35215,22573
41,Marin,1,252409,124072,128337,44.5,43.0,46.0,40791,25969,61314,82143,42192
41,Marin,2,252430,124084,128346,44.5,43.0,46.0,40788,25972,61316,82156,42198
41,Marin,3,252904,124353,128551,44.6,43.1,46.0,40820,26074,61109,82295,42606
41,Marin,4,255376,125515,129861,44.9,43.4,46.3,41240,26580,60245,83037,44274
41,Marin,5,256061,125304,130757,45.3,43.8,46.7,41357,26886,58791,82157,46870
41,Marin,6,258409,126127,132282,45.5,44.1,46.9,41575,27593,58036,82166,49039
41,Marin,7,260359,127077,133282,45.7,44.4,47.1,41569,28435,57036,82251,51068
41,Marin,8,260916,127406,133510,46.0,44.7,47.4,41265,29088,55535,82113,52915
41,Marin,9,260562,127096,133466,46.4,45.0,47.7,40717,29480,54187,81730,54448
41,Marin,10,259749,126875,132874,46.8,45.3,48.1,39782,29810,53257,80764,56136
41,Marin,11,259662,126961,132701,47.2,45.6,48.5,38932,30319,52764,79784,57863
41,Marin,12,258826,126617,132209,47.5,45.8,48.9,37942,30479,52273,78728,59404
43,Mariposa,1,18251,9269,8982,49.2,48.9,49.5,2378,2058,3479,6515,3821
43,Mariposa,2,18247,9267,8980,49.2,48.9,49.5,2377,2058,3477,6514,3821
43,Mariposa,3,18277,9294,8983,49.4,49.1,49.6,2355,2065,3482,6523,3852
43,Mariposa,4,18170,9237,8933,49.6,49.2,50.0,2340,2062,3482,6380,3906
43,Mariposa,5,17881,9112,8769,50.5,50.0,50.9,2240,2006,3364,6117,4154
43,Mariposa,6,17809,9061,8748,50.9,50.4,51.5,2228,1988,3348,5952,4293
43,Mariposa,7,17714,9035,8679,51.5,50.9,52.2,2172,1969,3298,5857,4418
43,Mariposa,8,17622,8933,8689,51.7,51.2,52.2,2171,1910,3358,5651,4532
43,Mariposa,9,17456,8879,8577,51.9,51.1,52.6,2171,1822,3432,5434,4597
43,Mariposa,10,17414,8874,8540,52.0,51.1,52.8,2158,1782,3481,5278,4715
43,Mariposa,11,17405,8846,8559,52.0,51.1,52.8,2178,1732,3533,5113,4849
43,Mariposa,12,17203,8764,8439,52.2,51.4,53.2,2111,1681,3540,4897,4974
45,Mendocino,1,87841,43983,43858,41.5,40.0,43.3,14921,11562,20972,26893,13493
45,Mendocino,2,87850,43987,43863,41.5,40.0,43.3,14921,11562,20972,26894,13501
45,Mendocino,3,87799,43937,43862,41.6,40.1,43.3,14939,11485,20944,26845,13586
45,Mendocino,4,87334,43584,43750,41.9,40.5,43.5,14850,11289,20676,26446,14073
45,Mendocino,5,87288,43522,43766,42.2,40.7,43.8,14860,11134,20534,25723,15037
45,Mendocino,6,87054,43334,43720,42.5,40.9,44.0,14735,11051,20405,25061,15802
45,Mendocino,7,87225,43387,43838,42.6,41.0,44.1,14785,11077,20286,24514,16563
45,Mendocino,8,87107,43311,43796,42.9,41.3,44.5,14674,10920,20140,24002,17371
45,Mendocino,9,87285,43319,43966,43.1,41.5,44.7,14629,10771,20169,23715,18001
45,Mendocino,10,87576,43398,44178,43.2,41.8,44.7,14624,10604,20382,23274,18692
45,Mendocino,11,87401,43322,44079,43.5,42.0,44.9,14493,10472,20301,22752,19383
45,Mendocino,12,86749,43021,43728,43.8,42.4,45.2,14228,10213,20163,22120,20025
47,Merced,1,255793,128737,127056,29.6,28.7,30.5,61798,49356,67027,53652,23960
47,Merced,2,255796,128738,127058,29.6,28.7,30.5,61799,49355,67026,53656,23960
47,Merced,3,256721,129163,127558,29.6,28.8,30.5,61918,49533,67281,53884,24105
47,Merced,4,259297,130553,128744,29.8,29.0,30.8,61880,49866,67721,54955,24875
47,Merced,5,260867,131539,129328,30.1,29.3,31.0,61852,49483,68217,55414,25901
47,Merced,6,262026,132177,129849,30.4,29.5,31.3,61825,48941,68697,55823,26740
47,Merced,7,264419,133474,130945,30.5,29.7,31.4,61837,49249,69474,56208,27651
47,Merced,8,266353,134406,131947,30.7,29.9,31.6,61962,48644,70589,56701,28457
47,Merced,9,267628,134757,132871,30.9,30.1,31.8,62059,47900,71318,57047,29304
47,Merced,10,271096,136752,134344,31.0,30.2,31.9,62531,48505,72435,57672,29953
47,Merced,11,274151,138267,135884,31.2,30.4,32.0,62521,48865,73824,58174,30767
47,Merced,12,277680,140185,137495,31.3,30.6,32.1,62844,49418,75166,58616,31636
49,Modoc,1,9686,4878,4808,46.1,45.3,46.9,1556,1181,1966,3078,1905
49,Modoc,2,9682,4876,4806,46.1,45.3,46.9,1554,1181,1964,3078,1905
49,Modoc,3,9694,4881,4813,46.2,45.3,47.0,1563,1172,1967,3075,1917
49,Modoc,4,9509,4803,4706,46.9,45.8,47.8,1489,1125,1930,3013,1952
49,Modoc,5,9351,4734,4617,47.3,46.0,48.1,1423,1146,1878,2877,2027
49,Modoc,6,9145,4635,4510,48.2,46.6,49.3,1379,1064,1826,2761,2115
49,Modoc,7,9068,4573,4495,48.4,46.8,49.6,1369,1029,1809,2686,2175
49,Modoc,8,9056,4584,4472,48.2,46.7,49.6,1367,1033,1799,2613,2244
49,Modoc,9,8961,4526,4435,48.0,47.1,49.1,1388,968,1810,2512,2283
49,Modoc,10,8876,4446,4430,48.7,48.2,49.2,1334,958,1780,2487,2317
49,Modoc,11,8800,4396,4404,49.1,48.7,49.5,1297,949,1777,2399,2378
49,Modoc,12,8841,4448,4393,49.0,48.2,49.9,1300,945,1815,2350,2431
51,Mono,1,14202,7548,6654,37.2,37.0,37.4,2323,2106,4162,4234,1377
51,Mono,2,14206,7551,6655,37.2,37.0,37.4,2323,2107,4163,4235,1378
51,Mono,3,14257,7593,6664,37.3,37.1,37.5,2301,2126,4180,4254,1396
51,Mono,4,14422,7679,6743,37.5,37.5,37.6,2314,2083,4241,4322,1462
51,Mono,5,14331,7674,6657,38.1,38.0,38.3,2252,2002,4225,4296,1556
51,Mono,6,14067,7491,6576,38.8,39.0,38.5,2176,1929,4091,4239,1632
51,Mono,7,14134,7517,6617,38.7,39.1,38.2,2186,1952,4068,4180,1748
51,Mono,8,14077,7485,6592,39.4,40.1,38.5,2118,1886,3985,4180,1908
51,Mono,9,14273,7558,6715,40.1,40.7,39.0,2100,1886,4015,4231,2041
51,Mono,10,14354,7614,6740,40.0,40.6,39.2,2070,1938,4035,4168,2143
51,Mono,11,14403,7635,6768,40.5,41.2,39.7,2018,1946,4027,4157,2255
51,Mono,12,14444,7658,6786,40.7,41.5,39.8,1978,1901,4096,4139,2330
53,Monterey,1,415057,213431,201626,32.9,32.2,33.9,86245,71021,116897,96472,44422
53,Monterey,2,415059,213431,201628,32.9,32.2,33.9,86248,71024,116899,96468,44420
53,Monterey,3,416373,214195,202178,33.0,32.2,33.9,86515,70924,117334,96906,44694
53,Monterey,4,420456,216011,204445,33.1,32.4,33.9,88026,70421,118335,97869,45805
53,Monterey,5,424788,217995,206793,33.2,32.5,33.9,89243,70252,119292,98189,47812
53,Monterey,6,426712,218434,208278,33.4,32.8,34.1,90061,69487,119217,98423,49524
53,Monterey,7,428475,218646,209829,33.6,33.0,34.3,90521,69022,118809,98652,51471
53,Monterey,8,430552,219525,211027,33.8,33.3,34.5,90802,68633,118535,99136,53446
53,Monterey,9,433953,221571,212382,34.1,33.5,34.7,90821,68456,119299,99871,55506
53,Monterey,10,434534,221680,212854,34.4,33.9,35.0,90363,67616,119331,100050,57174
53,Monterey,11,433950,220969,212981,34.7,34.2,35.3,89300,67363,118828,99562,58897
53,Monterey,12,434061,221129,212932,34.9,34.4,35.6,88124,67461,118763,98982,60731
55,Napa,1,136484,68159,68325,39.7,38.2,41.0,23937,19572,34606,37775,20594
55,Napa,2,136535,68199,68336,39.7,38.2,41.0,23937,19574,34631,37794,20599
55,Napa,3,136759,68288,68471,39.7,38.2,41.1,23955,19612,34622,37881,20689
55,Napa,4,137691,68686,69005,39.9,38.5,41.3,23870,19689,34713,38201,21218
55,Napa,5,138538,69104,69434,40.1,38.8,41.5,23641,19828,34766,38107,22196
55,Napa,6,139580,69539,70041,40.3,39.0,41.6,23532,20035,34884,38115,23014
55,Napa,7,140405,70016,70389,40.5,39.3,41.7,23347,20052,35090,38183,23733
55,Napa,8,140862,70247,70615,40.7,39.6,42.0,23098,19935,35004,38248,24577
55,Napa,9,140840,70115,70725,41.1,40.0,42.2,22729,19537,35034,38158,25382
55,Napa,10,139878,69695,70183,41.5,40.4,42.5,22099,19256,34761,37775,25987
55,Napa,11,138789,69089,69700,41.8,40.8,42.9,21464,18884,34574,37228,26639
55,Napa,12,137744,68535,69209,42.2,41.1,43.2,20781,18614,34347,36845,27157
57,Nevada,1,98764,48835,49929,47.6,46.1,48.9,13876,11767,20139,33808,19174
57,Nevada,2,98747,48826,49921,47.6,46.1,48.9,13871,11763,20133,33805,19175
57,Nevada,3,98790,48843,49947,47.7,46.2,49.0,13809,11778,20118,33750,19335
57,Nevada,4,98701,48763,49938,48.2,46.6,49.6,13571,11715,19982,33476,19957
57,Nevada,5,98137,48441,49696,48.7,47.1,50.2,13230,11457,19837,32569,21044
57,Nevada,6,97938,48349,49589,49.2,47.4,50.6,13072,11266,19829,31813,21958
57,Nevada,7,98572,48546,50026,49.5,47.6,51.0,13092,11202,19999,31204,23075
57,Nevada,8,98676,48598,50078,49.8,47.9,51.5,12996,10855,20098,30545,24182
57,Nevada,9,98913,48639,50274,50.2,48.2,52.0,12948,10549,20140,30043,25233
57,Nevada,10,99367,48848,50519,50.4,48.4,52.2,12940,10347,20470,29405,26205
57,Nevada,11,99508,48868,50640,50.6,48.7,52.4,12929,10084,20627,28627,27241
57,Nevada,12,99755,49003,50752,50.8,49.1,52.7,12831,9845,20902,27871,28306
59,Orange,1,3010232,1488780,1521452,36.2,34.9,37.5,557386,484559,852571,766039,349677
59,Orange,2,3008989,1488175,1520814,36.2,34.9,37.5,557040,484329,852101,765872,349647
59,Orange,3,3015171,1490948,1524223,36.3,35.0,37.5,556229,484726,852145,770066,352005
59,Orange,4,3049271,1506866,1542405,36.5,35.2,37.7,556396,486963,855559,787560,362793
59,Orange,5,3078068,1520504,1557564,36.8,35.5,38.0,555165,488682,856928,797025,380268
59,Orange,6,3104950,1533763,1571187,37.0,35.7,38.3,553902,486505,860538,809325,394680
59,Orange,7,3126537,1544050,1582487,37.3,35.9,38.6,549971,483108,862339,821347,409772
59,Orange,8,3149280,1555379,1593901,37.5,36.2,38.8,547492,476272,865268,834581,425667
59,Orange,9,3164986,1562493,1602493,37.8,36.5,39.1,544862,466624,868364,845125,440011
59,Orange,10,3174289,1567002,1607287,38.0,36.8,39.3,539832,460475,869622,849789,454571
59,Orange,11,3175973,1567487,1608486,38.3,37.1,39.6,534370,453501,869570,848807,469725
59,Orange,12,3175692,1566825,1608867,38.6,37.4,39.9,528161,446510,869731,845722,485568
61,Placer,1,348432,170151,178281,40.3,39.0,41.4,64399,47276,85738,97457,53562
61,Placer,2,348502,170190,178312,40.3,39.0,41.4,64415,47292,85755,97474,53566
61,Placer,3,350021,170922,179099,40.3,39.1,41.5,64478,47550,85991,98031,53971
61,Placer,4,356328,174056,182272,40.6,39.2,41.8,64907,48697,86761,99935,56028
61,Placer,5,360263,176243,184020,41.0,39.5,42.2,64524,49285,86865,100230,59359
61,Placer,6,365398,178541,186857,41.3,39.8,42.6,64375,49705,88001,100898,62419
61,Placer,7,369217,180355,188862,41.6,40.1,43.1,63959,49909,88138,101973,65238
61,Placer,8,372841,181938,190903,41.9,40.4,43.3,63814,49776,88159,102924,68168
61,Placer,9,378943,184811,194132,42.0,40.5,43.5,64426,49493,89733,104275,71016
61,Placer,10,385115,187925,197190,42.1,40.6,43.5,65103,49865,91491,104971,73685
61,Placer,11,392330,191765,200565,42.1,40.7,43.6,66036,50084,94201,105470,76539
61,Placer,12,398329,194488,203841,42.3,40.9,43.7,66526,50404,96058,105951,79390
63,Plumas,1,20007,10003,10004,49.6,49.2,50.1,2657,2439,3606,7151,4154
63,Plumas,2,20007,10003,10004,49.6,49.2,50.1,2657,2439,3606,7151,4154
63,Plumas,3,19914,9945,9969,49.8,49.3,50.2,2640,2422,3578,7102,4172
63,Plumas,4,19719,9883,9836,50.3,49.6,50.9,2627,2368,3505,6954,4265
63,Plumas,5,19377,9686,9691,50.9,50.1,51.5,2572,2251,3450,6614,4490
63,Plumas,6,18895,9446,9449,51.5,50.6,52.2,2486,2149,3333,6340,4587
63,Plumas,7,18622,9323,9299,52.0,51.1,52.7,2425,2058,3336,6118,4685
63,Plumas,8,18427,9210,9217,52.5,51.6,53.1,2360,1949,3342,5952,4824
63,Plumas,9,18665,9329,9336,52.4,51.8,52.9,2473,1899,3497,5808,4988
63,Plumas,10,18660,9294,9366,52.6,52.0,53.1,2451,1869,3581,5594,5165
63,Plumas,11,18741,9330,9411,52.6,52.0,53.1,2475,1844,3651,5454,5317
63,Plumas,12,18807,9357,9450,52.3,51.5,53.1,2531,1820,3767,5252,5437
65,Riverside,1,2189641,1089576,1100065,33.7,32.7,34.6,470480,378364,575734,506477,258586
65,Riverside,2,2189765,1089614,1100151,33.7,32.7,34.6,470482,378364,575738,506492,258689
65,Riverside,3,2201576,1095284,1106292,33.7,32.7,34.6,471076,380411,579073,510510,260506
65,Riverside,4,2234070,1111532,1122538,33.9,32.9,34.9,470601,385075,586193,523894,268307
65,Riverside,5,2261204,1125284,1135920,34.1,33.2,35.1,468822,387645,592921,530883,280933
65,Riverside,6,2286755,1137977,1148778,34.4,33.5,35.4,467588,387582,599714,539026,292845
65,Riverside,7,2316162,1151701,1164461,34.7,33.8,35.6,467214,387366,608749,548430,304403
65,Riverside,8,2345816,1166571,1179245,35.0,34.0,35.9,467233,385355,618126,558830,316272
65,Riverside,9,2380081,1184681,1195400,35.3,34.3,36.2,469707,381754,631104,569352,328164
65,Riverside,10,2414964,1202904,1212060,35.6,34.7,36.5,471800,380589,643910,578572,340093
65,Riverside,11,2445789,1219025,1226764,35.9,35.0,36.8,471782,380262,656450,584874,352421
65,Riverside,12,2470546,1232012,1238534,36.2,35.3,37.2,470763,378628,666367,588846,365942
67,Sacramento,1,1418788,694793,723995,34.8,33.5,36.1,278467,228116,397481,356173,158551
67,Sacramento,2,1418735,694763,723972,34.8,33.5,36.1,278456,228104,397470,356159,158546
67,Sacramento,3,1421383,695963,725420,34.8,33.5,36.1,278449,227711,398131,357684,159408
67,Sacramento,4,1433730,701697,732033,35.0,33.7,36.4,278491,226885,401056,363493,163805
67,Sacramento,5,1444852,706838,738014,35.3,33.9,36.6,278404,225169,404093,365543,171643
67,Sacramento,6,1457341,712009,745332,35.5,34.1,36.8,279172,222581,408398,368035,179155
67,Sacramento,7,1474917,720583,754334,35.6,34.4,36.9,280632,220324,415702,371382,186877
67,Sacramento,8,1493674,729669,764005,35.8,34.6,37.1,281851,217209,423637,376365,194612
67,Sacramento,9,1510987,738114,772873,36.0,34.8,37.3,283213,214228,432106,379319,202121
67,Sacramento,10,1527301,746291,781010,36.2,35.0,37.4,283956,212044,441110,380730,209461
67,Sacramento,11,1538746,752017,786729,36.4,35.2,37.7,283298,211125,447717,379683,216923
67,Sacramento,12,1552058,758897,793161,36.6,35.4,37.9,282177,210765,455318,378916,224882
69,San Benito,1,55269,27629,27640,34.3,33.4,35.2,12149,9019,14552,14189,5360
69,San Benito,2,55265,27627,27638,34.3,33.4,35.2,12148,9018,14550,14189,5360
69,San Benito,3,55516,27765,27751,34.3,33.4,35.2,12157,9043,14616,14272,5428
69,San Benito,4,55977,27968,28009,34.6,33.6,35.5,12086,9140,14526,14609,5616
69,San Benito,5,56599,28246,28353,34.7,33.7,35.6,12007,9265,14606,14791,5930
69,San Benito,6,57239,28554,28685,34.9,34.0,35.8,11924,9398,14742,14913,6262
69,San Benito,7,57825,28910,28915,35.2,34.3,36.0,11880,9391,14901,15043,6610
69,San Benito,8,58216,29092,29124,35.5,34.7,36.3,11734,9349,15056,15114,6963
69,San Benito,9,59225,29667,29558,35.7,34.8,36.5,11826,9362,15391,15346,7300
69,San Benito,10,60164,30121,30043,35.8,35.1,36.5,11896,9381,15894,15435,7558
69,San Benito,11,61467,30793,30674,35.9,35.3,36.6,12149,9406,16540,15494,7878
69,San Benito,12,62808,31448,31360,36.1,35.6,36.7,12330,9422,17251,15553,8252
71,San Bernardino,1,2035210,1011507,1023703,31.7,30.6,32.8,449890,374595,555040,474337,181348
71,San Bernardino,2,2035183,1011496,1023687,31.7,30.6,32.8,449882,374593,555038,474327,181343
71,San Bernardino,3,2040848,1014385,1026463,31.7,30.6,32.8,449516,375118,556822,476787,182605
71,San Bernardino,4,2060827,1024252,1036575,31.9,30.8,33.0,448483,377252,561624,484950,188518
71,San Bernardino,5,2073512,1031682,1041830,32.1,31.0,33.2,445289,377238,565197,487689,198099
71,San Bernardino,6,2082738,1035673,1047065,32.4,31.3,33.5,441992,374576,568426,491053,206691
71,San Bernardino,7,2099181,1044576,1054605,32.7,31.5,33.8,440656,371962,575362,495890,215311
71,San Bernardino,8,2115411,1052822,1062589,32.9,31.8,34.0,440767,366239,582527,501200,224678
71,San Bernardino,9,2131960,1060947,1071013,33.1,32.0,34.3,442086,360084,591296,505116,233378
71,San Bernardino,10,2150945,1070810,1080135,33.3,32.2,34.5,442760,356064,602136,508342,241643
71,San Bernardino,11,2166753,1078997,1087756,33.6,32.5,34.7,442979,351859,611674,509782,250459
71,San Bernardino,12,2180085,1085607,1094478,33.8,32.8,34.9,441550,347516,621117,509382,260520
73,San Diego,1,3095313,1553679,1541634,34.6,33.2,36.1,554971,537042,891485,760390,351425
73,San Diego,2,3095349,1553693,1541656,34.6,33.2,36.1,554978,537049,891493,760400,351429
73,San Diego,3,3103212,1557270,1545942,34.7,33.2,36.1,555550,536484,894349,763468,353361
73,San Diego,4,3137156,1573405,1563751,34.7,33.3,36.2,560215,533866,905639,775026,362410
73,San Diego,5,3174335,1594263,1580072,34.9,33.5,36.4,562971,532761,919852,780071,378680
73,San Diego,6,3209768,1611493,1598275,35.0,33.7,36.5,566559,526508,936444,786915,393342
73,San Diego,7,3248877,1633309,1615568,35.1,33.8,36.7,568469,523864,953389,794131,409024
73,San Diego,8,3280850,1651711,1629139,35.3,34.0,36.8,569496,518014,966343,802289,424708
73,San Diego,9,3306089,1664729,1641360,35.6,34.2,37.0,570165,509716,979288,807640,439280
73,San Diego,10,3321237,1672189,1649048,35.9,34.5,37.3,568591,500552,989791,808781,453522
73,San Diego,11,3333861,1678934,1654927,36.1,34.8,37.5,565092,495691,997916,806648,468514
73,San Diego,12,3338330,1680017,1658313,36.4,35.1,37.8,560487,489671,1002357,801363,484452
75,San Francisco,1,805235,408462,396773,38.5,38.5,38.5,84630,100558,301802,208403,109842
75,San Francisco,2,805184,408436,396748,38.5,38.5,38.5,84627,100551,301780,208399,109827
75,San Francisco,3,805505,408599,396906,38.6,38.6,38.5,84848,99141,302144,209069,110303
75,San Francisco,4,815650,413943,401707,38.6,38.7,38.6,86824,95061,309040,212524,112201
75,San Francisco,5,828876,421275,407601,38.6,38.6,38.7,89079,92091,317380,214315,116011
75,San Francisco,6,839572,427426,412146,38.6,38.6,38.7,91042,89160,323897,215723,119750
75,San Francisco,7,850750,433767,416983,38.5,38.5,38.7,92363,87542,330186,216927,123732
75,San Francisco,8,863010,440323,422687,38.4,38.2,38.6,93805,86270,336642,218205,128088
75,San Francisco,9,871512,444409,427103,38.2,38.0,38.4,95126,84576,341782,218509,131519
75,San Francisco,10,878040,447916,430124,38.1,37.9,38.4,95709,84078,345443,217754,135056
75,San Francisco,11,880696,449090,431606,38.2,38.0,38.5,95647,83605,346815,216240,138389
75,San Francisco,12,881549,449221,432328,38.3,38.1,38.6,95338,83183,347198,214060,141770
77,San Joaquin,1,685306,341230,344076,32.7,31.5,34.0,153742,118294,181553,160536,71181
77,San Joaquin,2,685306,341231,344075,32.7,31.5,34.0,153742,118294,181553,160538,71179
77,San Joaquin,3,687127,342072,345055,32.8,31.5,34.0,153751,118455,181872,161421,71628
77,San Joaquin,4,694354,345463,348891,33.0,31.7,34.2,153817,119029,183045,164595,73868
77,San Joaquin,5,699593,347804,351789,33.2,32.0,34.4,153488,119287,183808,165759,77251
77,San Joaquin,6,702046,348551,353495,33.5,32.3,34.6,152729,118322,183939,166763,80293
77,San Joaquin,7,711579,353785,357794,33.7,32.6,34.8,153358,118522,187371,169009,83319
77,San Joaquin,8,722271,359616,362655,33.9,32.8,35.0,154279,118436,191497,171434,86625
77,San Joaquin,9,732809,365315,367494,34.1,33.0,35.2,155786,117949,195549,173671,89854
77,San Joaquin,10,743296,370464,372832,34.3,33.2,35.4,157181,117889,199979,175384,92863
77,San Joaquin,11,752491,375009,377482,34.4,33.3,35.5,157792,118410,203686,176431,96172
77,San Joaquin,12,762148,380193,381955,34.6,33.6,35.7,157857,119530,207939,177041,99781
79,San Luis Obispo,1,269637,137999,131638,39.4,37.4,41.5,38353,52033,61860,76369,41022
79,San Luis Obispo,2,269597,137979,131618,39.4,37.4,41.5,38344,52021,61856,76360,41016
79,San Luis Obispo,3,269802,137916,131886,39.3,37.3,41.4,38391,52613,61510,76032,41256
79,San Luis Obispo,4,271058,138465,132593,39.3,37.3,41.5,38456,53465,60969,75871,42297
79,San Luis Obispo,5,274160,140057,134103,39.2,37.2,41.5,38692,55044,60981,75042,44401
79,San Luis Obispo,6,275696,140436,135260,39.2,37.3,41.6,38824,55042,61202,74216,46412
79,San Luis Obispo,7,278227,141405,136822,39.1,37.2,41.5,38921,55490,61873,73365,48578
79,San Luis Obispo,8,280077,142006,138071,39.3,37.3,41.6,39146,55206,62114,72900,50711
79,San Luis Obispo,9,281803,142929,138874,39.4,37.5,41.6,39178,55043,62719,72055,52808
79,San Luis Obispo,10,282481,143284,139197,39.6,37.9,41.8,38857,54248,63507,71100,54769
79,San Luis Obispo,11,283354,143696,139658,39.8,38.1,41.9,38475,54393,63965,69626,56895
79,San Luis Obispo,12,283111,143377,139734,40.1,38.4,42.2,38043,53942,64251,67824,59051
81,San Mateo,1,718451,353168,365283,39.3,37.9,40.5,125033,89866,207434,199856,96262
81,San Mateo,2,718517,353204,365313,39.3,37.9,40.5,125036,89874,207456,199870,96281
81,San Mateo,3,719699,353701,365998,39.3,38.0,40.6,125194,89816,207331,200543,96815
81,San Mateo,4,728344,357776,370568,39.5,38.1,40.8,126336,89900,208903,203610,99595
81,San Mateo,5,739224,363176,376048,39.6,38.3,40.9,127783,90375,212174,205112,103780
81,San Mateo,6,748661,368198,380463,39.6,38.3,40.9,128405,91215,215202,206447,107392
81,San Mateo,7,757204,372551,384653,39.6,38.3,41.0,128319,92214,217802,207547,111322
81,San Mateo,8,765055,376907,388148,39.6,38.3,41.0,128213,92476,220437,209078,114851
81,San Mateo,9,767906,379087,388819,39.6,38.3,41.1,126542,92298,222396,208758,117912
81,San Mateo,10,768901,379940,388961,39.7,38.3,41.1,124458,91774,224263,207539,120867
81,San Mateo,11,768681,380484,388197,39.8,38.4,41.3,122376,91478,225172,205747,123908
81,San Mateo,12,766573,379508,387065,39.9,38.5,41.4,119821,90939,225902,203034,126877
83,Santa Barbara,1,423895,212786,211109,33.6,32.3,35.1,74670,86644,108170,100013,54398
83,Santa Barbara,2,423947,212812,211135,33.6,32.3,35.1,74681,86656,108178,100024,54408
83,Santa Barbara,3,424231,212790,211441,33.5,32.2,35.0,74899,86910,107774,100072,54576
83,Santa Barbara,4,425453,213053,212400,33.5,32.3,35.0,75286,88026,106142,100546,55453
83,Santa Barbara,5,429699,215457,214242,33.5,32.4,34.9,75785,89860,106181,100438,57435
83,Santa Barbara,6,434601,217884,216717,33.5,32.4,34.7,76643,91778,106681,100316,59183
83,Santa Barbara,7,439045,220078,218967,33.5,32.5,34.7,77205,92658,107540,100575,61067
83,Santa Barbara,8,442229,221615,220614,33.6,32.6,34.7,77905,92919,108013,100435,62957
83,Santa Barbara,9,444340,222450,221890,33.7,32.7,34.8,78316,92235,108948,100239,64602
83,Santa Barbara,10,445298,222867,222431,33.8,32.8,34.9,78143,91723,109624,99445,66363
83,Santa Barbara,11,445780,222850,222930,34.0,33.0,35.1,77926,91201,110057,98314,68282
83,Santa Barbara,12,446499,223245,223254,34.1,33.1,35.2,77344,90723,111132,97175,70125
85,Santa Clara,1,1781642,893851,887791,36.2,35.3,37.1,337418,250205,547935,449140,196944
85,Santa Clara,2,1781686,893868,887818,36.2,35.3,37.1,337426,250209,547947,449161,196943
85,Santa Clara,3,1786040,895857,890183,36.3,35.4,37.2,338004,249980,548099,451513,198444
85,Santa Clara,4,1812054,909220,902834,36.5,35.6,37.4,341211,251118,552871,461734,205120
85,Santa Clara,5,1837853,923098,914755,36.6,35.8,37.6,342718,253171,559268,467897,214799
85,Santa Clara,6,1866425,938111,928314,36.7,35.8,37.7,345273,255806,566231,475797,223318
85,Santa Clara,7,1891753,952395,939358,36.8,35.8,37.9,345081,258879,573340,482923,231530
85,Santa Clara,8,1916285,966167,950118,36.8,35.8,37.9,344170,260704,581927,489600,239884
85,Santa Clara,9,1928368,973257,955111,36.9,35.9,38.0,341021,259368,587967,492757,247255
85,Santa Clara,10,1932510,977117,955393,37.0,36.0,38.2,335597,258366,590428,493863,254256
85,Santa Clara,11,1932337,978212,954125,37.2,36.1,38.4,328695,257503,592388,492505,261246
85,Santa Clara,12,1927852,976847,951005,37.3,36.3,38.6,321255,255871,593168,489351,268207
87,Santa Cruz,1,262382,130913,131469,36.9,35.6,38.1,42313,49375,66824,74712,29158
87,Santa Cruz,2,262350,130902,131448,36.9,35.6,38.1,42304,49371,66817,74699,29159
87,Santa Cruz,3,263147,131208,131939,36.8,35.6,38.0,42372,50175,66506,74695,29399
87,Santa Cruz,4,264858,131858,133000,36.8,35.7,38.0,42451,51563,65452,74837,30555
87,Santa Cruz,5,266340,132463,133877,36.9,35.9,38.0,42326,52541,64540,74198,32735
87,Santa Cruz,6,268816,133584,135232,37.0,36.0,38.1,42374,53464,64372,73892,34714
87,Santa Cruz,7,270861,134487,136374,37.3,36.2,38.3,42147,53565,64670,73687,36792
87,Santa Cruz,8,273503,135754,137749,37.4,36.4,38.4,42043,54023,64787,73701,38949
87,Santa Cruz,9,274396,136089,138307,37.6,36.6,38.6,41700,53742,65045,72861,41048
87,Santa Cruz,10,274856,136220,138636,37.8,36.9,38.8,41296,53436,65321,71674,43129
87,Santa Cruz,11,273841,135527,138314,38.2,37.2,39.1,40413,52944,65089,70129,45266
87,Santa Cruz,12,273213,135176,138037,38.4,37.4,39.4,39780,52736,64782,68698,47217
89,Shasta,1,177223,87130,90093,41.8,40.2,43.4,29799,25842,39524,52091,29967
89,Shasta,2,177221,87129,90092,41.8,40.2,43.4,29799,25842,39524,52090,29966
89,Shasta,3,177274,87137,90137,41.9,40.3,43.5,29747,25769,39572,52107,30079
89,Shasta,4,177588,87208,90380,42.0,40.4,43.6,29706,25529,39681,52063,30609
89,Shasta,5,177875,87293,90582,42.2,40.5,43.7,29722,25105,39911,51230,31907
89,Shasta,6,178397,87529,90868,42.2,40.3,43.8,29755,24795,40435,50486,32926
89,Shasta,7,178844,87797,91047,42.2,40.3,43.8,29775,24345,41020,49917,33787
89,Shasta,8,178314,87580,90734,42.2,40.3,44.1,29556,23619,41193,49286,34660
89,Shasta,9,178571,87722,90849,42.1,40.1,44.0,29670,23115,41740,48502,35544
89,Shasta,10,179384,88164,91220,41.9,40.0,43.8,29913,22769,42526,47882,36294
89,Shasta,11,179709,88342,91367,41.7,40.0,43.7,29887,22525,43271,46894,37132
89,Shasta,12,180080,88473,91607,41.6,40.0,43.5,30163,22225,43809,45814,38069
91,Sierra,1,3240,1646,1594,50.9,50.5,51.5,397,325,578,1264,676
91,Sierra,2,3239,1645,1594,50.9,50.5,51.5,397,325,578,1263,676
91,Sierra,3,3220,1633,1587,50.9,50.5,51.5,396,329,573,1246,676
91,Sierra,4,3098,1562,1536,51.8,51.6,52.0,367,312,546,1189,684
91,Sierra,5,3067,1543,1524,52.5,52.5,52.5,367,303,531,1141,725
91,Sierra,6,3028,1517,1511,53.1,53.0,53.2,369,289,518,1091,761
91,Sierra,7,2972,1492,1480,53.9,53.9,54.0,364,289,481,1035,803
91,Sierra,8,2985,1512,1473,53.9,53.8,54.0,372,294,492,990,837
91,Sierra,9,2951,1487,1464,54.7,54.3,55.0,359,281,486,958,867
91,Sierra,10,3002,1511,1491,54.7,54.3,55.1,376,289,498,936,903
91,Sierra,11,2997,1508,1489,55.3,54.5,55.9,379,249,533,876,960
91,Sierra,12,3005,1509,1496,55.2,54.0,56.0,385,247,550,860,963
93,Siskiyou,1,44900,22395,22505,47.0,45.7,48.2,7059,5485,8813,14761,8782
93,Siskiyou,2,44900,22395,22505,47.0,45.7,48.2,7059,5485,8813,14761,8782
93,Siskiyou,3,44938,22442,22496,47.0,45.6,48.2,7037,5518,8846,14728,8809
93,Siskiyou,4,44615,22213,22402,47.3,45.8,48.5,6900,5510,8773,14526,8906
93,Siskiyou,5,44079,21901,22178,47.5,45.8,48.8,6866,5346,8676,13939,9252
93,Siskiyou,6,43532,21647,21885,47.7,46.0,49.1,6741,5272,8545,13429,9545
93,Siskiyou,7,43338,21571,21767,47.7,46.0,49.2,6656,5210,8580,13090,9802
93,Siskiyou,8,43254,21549,21705,47.5,46.1,49.0,6723,5066,8617,12778,10070
93,Siskiyou,9,43376,21600,21776,47.3,45.7,49.1,6840,5025,8668,12472,10371
93,Siskiyou,10,43622,21700,21922,47.2,45.5,48.8,6955,4985,8869,12138,10675
93,Siskiyou,11,43550,21656,21894,47.5,45.8,49.1,6877,4870,8953,11808,11042
93,Siskiyou,12,43539,21654,21885,47.7,45.8,49.3,6790,4896,8997,11477,11379
95,Solano,1,413344,206195,207149,36.9,35.6,38.2,76938,65045,109337,115177,46847
95,Solano,2,413343,206195,207148,36.9,35.6,38.2,76938,65045,109337,115177,46846
95,Solano,3,413967,206418,207549,37.0,35.7,38.3,76689,65173,109290,115540,47275
95,Solano,4,416342,207649,208693,37.1,35.7,38.5,76168,65179,109252,116534,49209
95,Solano,5,419674,208999,210675,37.3,35.8,38.8,75522,65333,110084,116485,52250
95,Solano,6,423659,210737,212922,37.4,35.9,38.9,75568,64955,111363,116534,55239
95,Solano,7,429006,213206,215800,37.5,36.0,39.1,75925,64306,113450,116961,58364
95,Solano,8,433409,215303,218106,37.7,36.2,39.3,76209,63165,115420,117170,61445
95,Solano,9,438858,218215,220643,37.8,36.3,39.4,76652,62262,117872,117699,64373
95,Solano,10,443511,220820,222691,38.0,36.6,39.6,76761,61530,120315,117608,67297
95,Solano,11,445725,221843,223882,38.2,36.8,39.8,76660,60741,121934,116103,70287
95,Solano,12,447643,222764,224879,38.5,37.0,40.0,76475,60034,123354,114624,73156
97,Sonoma,1,483878,237902,245976,39.9,38.0,41.6,81184,71368,121900,142062,67364
97,Sonoma,2,483861,237892,245969,39.9,38.0,41.6,81187,71367,121898,142053,67356
97,Sonoma,3,484755,238214,246541,39.9,38.1,41.6,81087,71404,122021,142354,67889
97,Sonoma,4,487421,239134,248287,40.3,38.4,41.9,80603,70841,122080,143630,70267
97,Sonoma,5,489993,240184,249809,40.6,38.8,42.3,79788,70526,122512,142431,74736
97,Sonoma,6,494073,242154,251919,40.9,39.0,42.7,79467,69719,123762,142264,78861
97,Sonoma,7,498560,244111,254449,41.2,39.3,43.0,79073,68683,125474,142266,83064
97,Sonoma,8,500863,244927,255936,41.4,39.7,43.2,78421,67008,126346,141661,87427
97,Sonoma,9,502547,245584,256963,41.7,40.0,43.5,77435,65823,127122,140814,91353
97,Sonoma,10,502469,245589,256880,42.0,40.3,43.8,76287,64694,127368,139152,94968
97,Sonoma,11,498643,243377,255266,42.4,40.8,44.2,74359,63295,126514,135731,98744
97,Sonoma,12,494336,241221,253115,42.8,41.1,44.5,72455,62325,125153,132080,102323
99,Stanislaus,1,514453,254489,259964,32.9,31.7,34.1,112488,88506,136920,121708,54831
99,Stanislaus,2,514450,254486,259964,32.9,31.7,34.1,112488,88506,136920,121705,54831
99,Stanislaus,3,515145,254800,260345,32.9,31.7,34.2,112339,88508,137014,122188,55096
99,Stanislaus,4,517560,255913,261647,33.1,31.9,34.3,111921,88399,137132,123604,56504
99,Stanislaus,5,520424,257233,263191,33.3,32.2,34.5,111807,88017,137804,123809,58987
99,Stanislaus,6,523451,258814,264637,33.6,32.5,34.7,111645,87224,138979,124372,61231
99,Stanislaus,7,528015,261122,266893,33.8,32.6,34.9,112191,86725,140278,125398,63423
99,Stanislaus,8,533211,263837,269374,33.9,32.8,35.0,113009,85807,142509,126181,65705
99,Stanislaus,9,539255,266723,272532,33.9,32.9,35.0,114367,84848,145556,126980,67504
99,Stanislaus,10,544717,269618,275099,34.1,33.0,35.1,115226,84978,147613,127436,69464
99,Stanislaus,11,548126,271479,276647,34.2,33.3,35.3,115418,84650,149305,127158,71595
99,Stanislaus,12,550660,272956,277704,34.4,33.5,35.5,115010,84467,150838,126424,73921
101,Sutter,1,94737,47001,47736,34.5,33.2,35.9,20123,15131,24646,22847,11990
101,Sutter,2,94756,47011,47745,34.5,33.3,35.9,20125,15133,24648,22856,11994
101,Sutter,3,94751,47018,47733,34.6,33.3,35.9,20090,15100,24594,22929,12038
101,Sutter,4,94482,46866,47616,34.8,33.6,36.1,19832,14988,24278,23126,12258
101,Sutter,5,94189,46802,47387,35.0,33.8,36.3,19668,14847,24022,22943,12709
101,Sutter,6,94507,46994,47513,35.4,34.1,36.6,19474,14743,24122,22968,13200
101,Sutter,7,94778,47081,47697,35.5,34.4,36.8,19397,14633,24185,22961,13602
101,Sutter,8,95282,47307,47975,35.7,34.5,37.0,19390,14471,24327,23125,13969
101,Sutter,9,95742,47643,48099,35.8,34.5,37.0,19544,14236,24663,23070,14229
101,Sutter,10,96204,47877,48327,35.9,34.5,37.2,19453,14107,25046,23158,14440
101,Sutter,11,96348,47997,48351,36.0,34.7,37.3,19213,14047,25286,23064,14738
101,Sutter,12,96971,48303,48668,36.2,35.0,37.4,19200,14085,25625,22966,15095
103,Tehama,1,63463,31610,31853,39.5,38.1,40.7,12234,9242,14404,17512,10071
103,Tehama,2,63440,31600,31840,39.5,38.1,40.8,12228,9241,14397,17507,10067
103,Tehama,3,63559,31640,31919,39.5,38.2,40.8,12211,9259,14416,17558,10115
103,Tehama,4,63331,31560,31771,39.9,38.4,41.4,11956,9122,14297,17644,10312
103,Tehama,5,63212,31509,31703,40.4,38.8,41.9,11766,8917,14289,17447,10793
103,Tehama,6,62875,31302,31573,40.7,39.2,42.1,11540,8870,14118,17245,11102
103,Tehama,7,62801,31201,31600,40.8,39.3,42.3,11561,8791,14023,17056,11370
103,Tehama,8,63158,31402,31756,40.7,39.3,42.2,11671,8659,14213,16936,11679
103,Tehama,9,63453,31514,31939,40.7,39.3,42.3,11816,8379,14435,16782,12041
103,Tehama,10,63847,31668,32179,40.7,39.3,42.2,11892,8399,14556,16720,12280
103,Tehama,11,64018,31806,32212,40.7,39.1,42.1,11893,8295,14782,16522,12526
103,Tehama,12,65084,32366,32718,40.5,39.1,41.9,11956,8374,15387,16587,12780
105,Trinity,1,13786,7113,6673,49.3,49.0,49.5,1830,1505,2659,5023,2769
105,Trinity,2,13784,7112,6672,49.3,49.0,49.5,1830,1505,2659,5021,2769
105,Trinity,3,13755,7089,6666,49.3,49.1,49.5,1822,1500,2655,5009,2769
105,Trinity,4,13685,7052,6633,49.9,49.6,50.2,1804,1469,2636,4947,2829
105,Trinity,5,13489,6933,6556,50.6,50.2,51.0,1717,1425,2576,4804,2967
105,Trinity,6,13427,6882,6545,51.0,50.7,51.4,1734,1413,2538,4633,3109
105,Trinity,7,13128,6703,6425,51.7,51.5,52.0,1683,1362,2448,4456,3179
105,Trinity,8,13094,6742,6352,51.8,51.3,52.3,1705,1324,2497,4309,3259
105,Trinity,9,12828,6593,6235,52.2,51.8,52.7,1665,1273,2448,4130,3312
105,Trinity,10,12726,6557,6169,52.4,51.6,53.0,1681,1231,2436,4018,3360
105,Trinity,11,12567,6446,6121,52.4,51.7,53.1,1672,1188,2432,3836,3439
105,Trinity,12,12285,6314,5971,52.3,51.5,53.3,1625,1164,2395,3626,3475
107,Tulare,1,442179,221442,220737,29.6,28.8,30.5,112132,79318,116544,92406,41779
107,Tulare,2,442182,221443,220739,29.6,28.8,30.5,112133,79315,116545,92409,41780
107,Tulare,3,442969,221792,221177,29.7,28.9,30.5,112149,79324,116746,92735,42015
107,Tulare,4,446784,223688,223096,29.8,29.1,30.6,112762,79786,117584,93762,42890
107,Tulare,5,449779,225052,224727,30.0,29.2,30.8,113243,79819,118118,94084,44515
107,Tulare,6,452460,226333,226127,30.2,29.4,31.0,113143,79857,118851,94738,45871
107,Tulare,7,455138,227558,227580,30.4,29.6,31.2,113039,79900,119615,95212,47372
107,Tulare,8,457161,228476,228685,30.6,29.9,31.4,112553,79475,120486,95814,48833
107,Tulare,9,459235,229573,229662,30.9,30.0,31.7,112292,78635,121671,96461,50176
107,Tulare,10,462308,231249,231059,31.1,30.3,31.9,112037,78561,123139,97147,51424
107,Tulare,11,464589,232339,232250,31.3,30.5,32.1,111396,78479,124749,97147,52818
107,Tulare,12,466195,232989,233206,31.5,30.8,32.3,110404,78526,126010,96964,54291
109,Tuolumne,1,55365,29245,26120,47.3,44.8,49.9,7125,6785,12095,18066,11294
109,Tuolumne,2,55368,29247,26121,47.3,44.8,49.9,7126,6785,12097,18066,11294
109,Tuolumne,3,55190,29123,26067,47.4,44.9,50.0,7094,6748,12031,17958,11359
109,Tuolumne,4,54830,28836,25994,47.7,45.1,50.4,6929,6663,11971,17686,11581
109,Tuolumne,5,54221,28431,25790,48.0,45.3,50.8,6830,6618,11764,17003,12006
109,Tuolumne,6,53997,28190,25807,48.3,45.7,51.1,6829,6489,11636,16690,12353
109,Tuolumne,7,53851,28113,25738,48.5,45.6,51.4,6816,6272,11770,16317,12676
109,Tuolumne,8,53615,27861,25754,48.7,45.9,51.6,6780,6097,11730,15983,13025
109,Tuolumne,9,53770,27899,25871,48.7,46.0,51.7,6853,5915,11891,15753,13358
109,Tuolumne,10,53976,28002,25974,48.5,45.8,51.8,6910,5768,12224,15292,13782
109,Tuolumne,11,54387,28206,26181,48.4,45.7,51.6,7051,5701,12509,14898,14228
109,Tuolumne,12,54478,28213,26265,48.5,45.7,51.6,7062,5643,12624,14440,14709
111,Ventura,1,823318,408969,414349,36.2,34.8,37.7,160080,133206,216543,217180,96309
111,Ventura,2,823398,409044,414354,36.2,34.8,37.7,160081,133217,216594,217208,96298
111,Ventura,3,825097,409785,415312,36.3,34.9,37.7,160048,133183,216793,218040,97033
111,Ventura,4,830099,411839,418260,36.5,35.1,37.9,159473,132982,216329,221034,100281
111,Ventura,5,833516,413087,420429,36.8,35.4,38.1,158468,132759,215483,221355,105451
111,Ventura,6,838136,414997,423139,37.0,35.6,38.4,157465,132792,215291,222677,109911
111,Ventura,7,842297,416731,425566,37.3,35.9,38.6,156223,132320,215492,223969,114293
111,Ventura,8,845802,418646,427156,37.5,36.1,38.9,154817,130601,216119,225353,118912
111,Ventura,9,847323,419522,427801,37.8,36.5,39.2,153032,128159,216887,225956,123289
111,Ventura,10,849044,420263,428781,38.1,36.8,39.4,151070,126290,218527,225657,127500
111,Ventura,11,848142,419784,428358,38.4,37.1,39.7,148500,124467,219307,223951,131917
111,Ventura,12,846006,418712,427294,38.7,37.5,40.0,145710,122612,219486,221493,136705
113,Yolo,1,200849,97935,102914,30.4,29.8,31.1,34827,49181,52081,44989,19771
113,Yolo,2,200855,97939,102916,30.4,29.8,31.1,34830,49181,52083,44990,19771
113,Yolo,3,201073,97996,103077,30.5,29.8,31.1,34757,49487,51834,45061,19934
113,Yolo,4,201954,98347,103607,30.6,30.0,31.2,34655,50392,51116,45331,20460
113,Yolo,5,204576,99604,104972,30.6,30.0,31.2,34827,51929,51093,45201,21526
113,Yolo,6,206292,100597,105695,30.8,30.2,31.4,34808,52202,51534,45239,22509
113,Yolo,7,208398,101628,106770,31.1,30.4,31.7,35098,51609,52518,45693,23480
113,Yolo,8,212037,103313,108724,31.1,30.4,31.7,35373,52496,53543,46126,24499
113,Yolo,9,215627,104850,110777,30.9,30.3,31.5,35755,53667,54718,46061,25426
113,Yolo,10,218477,105980,112497,30.9,30.4,31.4,35732,54690,55502,46131,26422
113,Yolo,11,220118,106696,113422,31.1,30.7,31.6,35583,54912,56117,46071,27435
113,Yolo,12,220500,106876,113624,31.3,30.9,31.8,35260,55011,56126,45595,28508
115,Yuba,1,72155,36352,35803,32.1,31.4,32.8,16522,11975,19288,17115,7255
115,Yuba,2,72142,36347,35795,32.1,31.4,32.8,16519,11972,19288,17108,7255
115,Yuba,3,72348,36454,35894,32.1,31.4,32.9,16509,11966,19347,17220,7306
115,Yuba,4,72489,36529,35960,32.2,31.5,33.0,16500,11847,19320,17390,7432
115,Yuba,5,72774,36737,36037,32.2,31.5,33.0,16447,11907,19477,17190,7753
115,Yuba,6,73090,36912,36178,32.3,31.5,33.1,16380,11861,19810,17005,8034
115,Yuba,7,73533,37243,36290,32.4,31.5,33.2,16343,11829,20040,16980,8341
115,Yuba,8,74045,37503,36542,32.6,31.7,33.5,16390,11695,20325,16924,8711
115,Yuba,9,74952,37971,36981,32.8,31.9,33.8,16442,11715,20695,16997,9103
115,Yuba,10,76578,38775,37803,32.9,32.0,33.9,16868,11749,21424,17067,9470
115,Yuba,11,77557,39249,38308,33.1,32.2,34.0,17091,11710,21927,17005,9824
115,Yuba,12,78668,39819,38849,33.4,32.6,34.2,17170,11767,22409,17052,10270
