ID,YEAR,MONTH,DAY,DAPR,MDPR,PRCP,SNOW,SNWD
USC00045151,1948,7,1,,,0.0,0.0,0.0
USC00045151,1948,7,10,,,0.0,0.0,0.0
USC00045151,1948,7,11,,,0.0,0.0,0.0
USC00045151,1948,7,12,,,0.0,0.0,0.0
USC00045151,1948,7,13,,,0.0,0.0,0.0
USC00045151,1948,7,14,,,0.0,0.0,0.0
USC00045151,1948,7,15,,,0.0,0.0,0.0
USC00045151,1948,7,16,,,0.0,0.0,0.0
USC00045151,1948,7,17,,,0.0,0.0,0.0
USC00045151,1948,7,18,,,0.0,0.0,0.0
USC00045151,1948,7,19,,,0.0,0.0,0.0
USC00045151,1948,7,2,,,0.0,0.0,0.0
USC00045151,1948,7,20,,,0.0,0.0,0.0
USC00045151,1948,7,21,,,0.0,0.0,0.0
USC00045151,1948,7,22,,,0.0,0.0,0.0
USC00045151,1948,7,23,,,0.0,0.0,0.0
USC00045151,1948,7,24,,,0.0,0.0,0.0
USC00045151,1948,7,25,,,0.0,0.0,0.0
USC00045151,1948,7,26,,,0.0,0.0,0.0
USC00045151,1948,7,27,,,0.0,0.0,0.0
USC00045151,1948,7,28,,,0.0,0.0,0.0
USC00045151,1948,7,29,,,0.0,0.0,0.0
USC00045151,1948,7,3,,,0.0,0.0,0.0
USC00045151,1948,7,30,,,0.0,0.0,0.0
USC00045151,1948,7,31,,,0.0,0.0,0.0
USC00045151,1948,7,4,,,0.0,0.0,0.0
USC00045151,1948,7,5,,,0.0,0.0,0.0
USC00045151,1948,7,6,,,0.0,0.0,0.0
USC00045151,1948,7,7,,,0.0,0.0,0.0
USC00045151,1948,7,8,,,0.0,0.0,0.0
USC00045151,1948,7,9,,,0.0,0.0,0.0
USC00045151,1948,8,1,,,0.0,0.0,0.0
USC00045151,1948,8,10,,,0.0,0.0,0.0
USC00045151,1948,8,11,,,0.0,0.0,0.0
USC00045151,1948,8,12,,,0.0,0.0,0.0
USC00045151,1948,8,13,,,0.0,0.0,0.0
USC00045151,1948,8,14,,,0.0,0.0,0.0
USC00045151,1948,8,15,,,0.0,0.0,0.0
USC00045151,1948,8,16,,,0.0,0.0,0.0
USC00045151,1948,8,17,,,0.0,0.0,0.0
USC00045151,1948,8,18,,,0.0,0.0,0.0
USC00045151,1948,8,19,,,0.0,0.0,0.0
USC00045151,1948,8,2,,,0.0,0.0,0.0
USC00045151,1948,8,20,,,0.0,0.0,0.0
USC00045151,1948,8,21,,,0.0,0.0,0.0
USC00045151,1948,8,22,,,0.0,0.0,0.0
USC00045151,1948,8,23,,,0.0,0.0,0.0
USC00045151,1948,8,24,,,0.0,0.0,0.0
USC00045151,1948,8,25,,,0.0,0.0,0.0
USC00045151,1948,8,26,,,0.0,0.0,0.0
USC00045151,1948,8,27,,,0.0,0.0,0.0
USC00045151,1948,8,28,,,0.0,0.0,0.0
USC00045151,1948,8,29,,,0.0,0.0,0.0
USC00045151,1948,8,3,,,0.0,0.0,0.0
USC00045151,1948,8,30,,,0.0,0.0,0.0
USC00045151,1948,8,31,,,0.0,0.0,0.0
USC00045151,1948,8,4,,,0.0,0.0,0.0
USC00045151,1948,8,5,,,0.0,0.0,0.0
USC00045151,1948,8,6,,,0.0,0.0,0.0
USC00045151,1948,8,7,,,0.0,0.0,0.0
USC00045151,1948,8,8,,,0.0,0.0,0.0
USC00045151,1948,8,9,,,0.0,0.0,0.0
USC00045151,1948,9,1,,,0.0,0.0,0.0
USC00045151,1948,9,10,,,0.0,0.0,0.0
USC00045151,1948,9,11,,,0.0,0.0,0.0
USC00045151,1948,9,12,,,0.0,0.0,0.0
USC00045151,1948,9,13,,,0.0,0.0,0.0
USC00045151,1948,9,14,,,0.0,0.0,0.0
USC00045151,1948,9,15,,,0.0,0.0,0.0
USC00045151,1948,9,16,,,0.0,0.0,0.0
USC00045151,1948,9,17,,,0.0,0.0,0.0
USC00045151,1948,9,18,,,0.0,0.0,0.0
USC00045151,1948,9,19,,,0.0,0.0,0.0
USC00045151,1948,9,2,,,0.0,0.0,0.0
USC00045151,1948,9,20,,,0.0,0.0,0.0
USC00045151,1948,9,21,,,0.0,0.0,0.0
USC00045151,1948,9,22,,,0.0,0.0,0.0
USC00045151,1948,9,23,,,0.0,0.0,0.0
USC00045151,1948,9,24,,,0.0,0.0,0.0
USC00045151,1948,9,25,,,0.0,0.0,0.0
USC00045151,1948,9,26,,,0.0,0.0,0.0
USC00045151,1948,9,27,,,0.0,0.0,0.0
USC00045151,1948,9,28,,,0.0,0.0,0.0
USC00045151,1948,9,29,,,0.0,0.0,0.0
USC00045151,1948,9,3,,,0.0,0.0,0.0
USC00045151,1948,9,30,,,0.0,0.0,0.0
USC00045151,1948,9,31,,,-9999.0,-9999.0,-9999.0
USC00045151,1948,9,4,,,0.0,0.0,0.0
USC00045151,1948,9,5,,,0.0,0.0,0.0
USC00045151,1948,9,6,,,0.0,0.0,0.0
USC00045151,1948,9,7,,,0.0,0.0,0.0
USC00045151,1948,9,8,,,0.0,0.0,0.0
USC00045151,1948,9,9,,,0.0,0.0,0.0
USC00045151,1948,10,1,,,0.0,0.0,0.0
USC00045151,1948,10,10,,,0.0,0.0,0.0
USC00045151,1948,10,11,,,5.0,0.0,0.0
USC00045151,1948,10,12,,,0.0,0.0,0.0
USC00045151,1948,10,13,,,0.0,0.0,0.0
USC00045151,1948,10,14,,,0.0,0.0,0.0
USC00045151,1948,10,15,,,0.0,0.0,0.0
USC00045151,1948,10,16,,,0.0,0.0,0.0
USC00045151,1948,10,17,,,0.0,0.0,0.0
USC00045151,1948,10,18,,,0.0,0.0,0.0
USC00045151,1948,10,19,,,0.0,0.0,0.0
USC00045151,1948,10,2,,,0.0,0.0,0.0
USC00045151,1948,10,20,,,0.0,0.0,0.0
USC00045151,1948,10,21,,,0.0,0.0,0.0
USC00045151,1948,10,22,,,0.0,0.0,0.0
USC00045151,1948,10,23,,,0.0,0.0,0.0
USC00045151,1948,10,24,,,0.0,0.0,0.0
USC00045151,1948,10,25,,,0.0,0.0,0.0
USC00045151,1948,10,26,,,0.0,0.0,0.0
USC00045151,1948,10,27,,,0.0,0.0,0.0
USC00045151,1948,10,28,,,0.0,0.0,0.0
USC00045151,1948,10,29,,,0.0,0.0,0.0
USC00045151,1948,10,3,,,0.0,0.0,0.0
USC00045151,1948,10,30,,,0.0,0.0,0.0
USC00045151,1948,10,31,,,0.0,0.0,0.0
USC00045151,1948,10,4,,,0.0,0.0,0.0
USC00045151,1948,10,5,,,0.0,0.0,0.0
USC00045151,1948,10,6,,,0.0,0.0,0.0
USC00045151,1948,10,7,,,0.0,0.0,0.0
USC00045151,1948,10,8,,,0.0,0.0,0.0
USC00045151,1948,10,9,,,0.0,0.0,0.0
USC00045151,1948,11,1,,,0.0,,
USC00045151,1948,11,10,,,0.0,,
USC00045151,1948,11,11,,,0.0,,
USC00045151,1948,11,12,,,0.0,,
USC00045151,1948,11,13,,,0.0,,
USC00045151,1948,11,14,,,0.0,,
USC00045151,1948,11,15,,,0.0,,
USC00045151,1948,11,16,,,0.0,,
USC00045151,1948,11,17,,,0.0,,
USC00045151,1948,11,18,,,0.0,,
USC00045151,1948,11,19,,,0.0,,
USC00045151,1948,11,2,,,0.0,,
USC00045151,1948,11,20,,,0.0,,
USC00045151,1948,11,21,,,0.0,,
USC00045151,1948,11,22,,,0.0,,
USC00045151,1948,11,23,,,0.0,,
USC00045151,1948,11,24,,,0.0,,
USC00045151,1948,11,25,,,0.0,,
USC00045151,1948,11,26,,,0.0,,
USC00045151,1948,11,27,,,0.0,,
USC00045151,1948,11,28,,,0.0,,
USC00045151,1948,11,29,,,0.0,,
USC00045151,1948,11,3,,,0.0,,
USC00045151,1948,11,30,,,0.0,,
USC00045151,1948,11,31,,,-9999.0,,
USC00045151,1948,11,4,,,0.0,,
USC00045151,1948,11,5,,,0.0,,
USC00045151,1948,11,6,,,0.0,,
USC00045151,1948,11,7,,,0.0,,
USC00045151,1948,11,8,,,0.0,,
USC00045151,1948,11,9,,,0.0,,
USC00045151,1948,12,1,,,-9999.0,,
USC00045151,1948,12,10,,,0.0,,
USC00045151,1948,12,11,,,0.0,,
USC00045151,1948,12,12,,,0.0,,
USC00045151,1948,12,13,,,10.0,,
USC00045151,1948,12,14,,,3.0,,
USC00045151,1948,12,15,,,0.0,,
USC00045151,1948,12,16,,,23.0,,
USC00045151,1948,12,17,,,0.0,,
USC00045151,1948,12,18,,,0.0,,
USC00045151,1948,12,19,,,0.0,,
USC00045151,1948,12,2,,,-9999.0,,
USC00045151,1948,12,20,,,0.0,,
USC00045151,1948,12,21,,,0.0,,
USC00045151,1948,12,22,,,0.0,,
USC00045151,1948,12,23,,,0.0,,
USC00045151,1948,12,24,,,0.0,,
USC00045151,1948,12,25,,,0.0,,
USC00045151,1948,12,26,,,61.0,,
USC00045151,1948,12,27,,,58.0,,
USC00045151,1948,12,28,,,0.0,,
USC00045151,1948,12,29,,,0.0,,
USC00045151,1948,12,3,,,-9999.0,,
USC00045151,1948,12,30,,,0.0,,
USC00045151,1948,12,31,,,0.0,,
USC00045151,1948,12,4,,,-9999.0,,
USC00045151,1948,12,5,,,0.0,,
USC00045151,1948,12,6,,,0.0,,
USC00045151,1948,12,7,,,0.0,,
USC00045151,1948,12,8,,,0.0,,
USC00045151,1948,12,9,,,0.0,,
USC00045151,1949,1,1,,,0.0,,
USC00045151,1949,1,10,,,0.0,,
USC00045151,1949,1,11,,,0.0,,
USC00045151,1949,1,12,,,0.0,,
USC00045151,1949,1,13,,,0.0,,
USC00045151,1949,1,14,,,0.0,,
USC00045151,1949,1,15,,,0.0,,
USC00045151,1949,1,16,,,0.0,,
USC00045151,1949,1,17,,,0.0,,
USC00045151,1949,1,18,,,0.0,,
USC00045151,1949,1,19,,,41.0,,
USC00045151,1949,1,2,,,0.0,,
USC00045151,1949,1,20,,,0.0,,
USC00045151,1949,1,21,,,0.0,,
USC00045151,1949,1,22,,,18.0,,
USC00045151,1949,1,23,,,0.0,,
USC00045151,1949,1,24,,,0.0,,
USC00045151,1949,1,25,,,0.0,,
USC00045151,1949,1,26,,,0.0,,
USC00045151,1949,1,27,,,0.0,,
USC00045151,1949,1,28,,,0.0,,
USC00045151,1949,1,29,,,0.0,,
USC00045151,1949,1,3,,,0.0,,
USC00045151,1949,1,30,,,0.0,,
USC00045151,1949,1,31,,,0.0,,
USC00045151,1949,1,4,,,0.0,,
USC00045151,1949,1,5,,,0.0,,
USC00045151,1949,1,6,,,0.0,,
USC00045151,1949,1,7,,,0.0,,
USC00045151,1949,1,8,,,0.0,,
USC00045151,1949,1,9,,,0.0,,
USC00045151,1949,2,1,-9999.0,-9999.0,0.0,,
USC00045151,1949,2,10,-9999.0,-9999.0,0.0,,
USC00045151,1949,2,11,-9999.0,-9999.0,23.0,,
USC00045151,1949,2,12,-9999.0,-9999.0,0.0,,
USC00045151,1949,2,13,-9999.0,-9999.0,0.0,,
USC00045151,1949,2,14,-9999.0,-9999.0,0.0,,
USC00045151,1949,2,15,-9999.0,-9999.0,0.0,,
USC00045151,1949,2,16,-9999.0,-9999.0,0.0,,
USC00045151,1949,2,17,-9999.0,-9999.0,0.0,,
USC00045151,1949,2,18,-9999.0,-9999.0,0.0,,
USC00045151,1949,2,19,-9999.0,-9999.0,0.0,,
USC00045151,1949,2,2,-9999.0,-9999.0,-9999.0,,
USC00045151,1949,2,20,-9999.0,-9999.0,0.0,,
USC00045151,1949,2,21,-9999.0,-9999.0,0.0,,
USC00045151,1949,2,22,-9999.0,-9999.0,0.0,,
USC00045151,1949,2,23,-9999.0,-9999.0,0.0,,
USC00045151,1949,2,24,-9999.0,-9999.0,97.0,,
USC00045151,1949,2,25,-9999.0,-9999.0,10.0,,
USC00045151,1949,2,26,-9999.0,-9999.0,81.0,,
USC00045151,1949,2,27,-9999.0,-9999.0,8.0,,
USC00045151,1949,2,28,-9999.0,-9999.0,0.0,,
USC00045151,1949,2,29,-9999.0,-9999.0,-9999.0,,
USC00045151,1949,2,3,2.0,25.0,-9999.0,,
USC00045151,1949,2,30,-9999.0,-9999.0,-9999.0,,
USC00045151,1949,2,31,-9999.0,-9999.0,-9999.0,,
USC00045151,1949,2,4,-9999.0,-9999.0,0.0,,
USC00045151,1949,2,5,-9999.0,-9999.0,0.0,,
USC00045151,1949,2,6,-9999.0,-9999.0,0.0,,
USC00045151,1949,2,7,-9999.0,-9999.0,30.0,,
USC00045151,1949,2,8,-9999.0,-9999.0,0.0,,
USC00045151,1949,2,9,-9999.0,-9999.0,0.0,,
USC00045151,1949,3,1,,,0.0,,
USC00045151,1949,3,10,,,18.0,,
USC00045151,1949,3,11,,,0.0,,
USC00045151,1949,3,12,,,0.0,,
USC00045151,1949,3,13,,,0.0,,
USC00045151,1949,3,14,,,0.0,,
USC00045151,1949,3,15,,,0.0,,
USC00045151,1949,3,16,,,0.0,,
USC00045151,1949,3,17,,,0.0,,
USC00045151,1949,3,18,,,0.0,,
USC00045151,1949,3,19,,,76.0,,
USC00045151,1949,3,2,,,8.0,,
USC00045151,1949,3,20,,,0.0,,
USC00045151,1949,3,21,,,0.0,,
USC00045151,1949,3,22,,,0.0,,
USC00045151,1949,3,23,,,43.0,,
USC00045151,1949,3,24,,,0.0,,
USC00045151,1949,3,25,,,0.0,,
USC00045151,1949,3,26,,,0.0,,
USC00045151,1949,3,27,,,0.0,,
USC00045151,1949,3,28,,,0.0,,
USC00045151,1949,3,29,,,0.0,,
USC00045151,1949,3,3,,,25.0,,
USC00045151,1949,3,30,,,0.0,,
USC00045151,1949,3,31,,,0.0,,
USC00045151,1949,3,4,,,89.0,,
USC00045151,1949,3,5,,,0.0,,
USC00045151,1949,3,6,,,0.0,,
USC00045151,1949,3,7,,,0.0,,
USC00045151,1949,3,8,,,0.0,,
USC00045151,1949,3,9,,,0.0,,
USC00045151,1949,4,1,-9999.0,-9999.0,0.0,,
USC00045151,1949,4,10,-9999.0,-9999.0,0.0,,
USC00045151,1949,4,11,-9999.0,-9999.0,0.0,,
USC00045151,1949,4,12,-9999.0,-9999.0,0.0,,
USC00045151,1949,4,13,-9999.0,-9999.0,0.0,,
USC00045151,1949,4,14,-9999.0,-9999.0,0.0,,
USC00045151,1949,4,15,-9999.0,-9999.0,0.0,,
USC00045151,1949,4,16,-9999.0,-9999.0,0.0,,
USC00045151,1949,4,17,-9999.0,-9999.0,94.0,,
USC00045151,1949,4,18,-9999.0,-9999.0,3.0,,
USC00045151,1949,4,19,-9999.0,-9999.0,0.0,,
USC00045151,1949,4,2,-9999.0,-9999.0,0.0,,
USC00045151,1949,4,20,-9999.0,-9999.0,0.0,,
USC00045151,1949,4,21,-9999.0,-9999.0,0.0,,
USC00045151,1949,4,22,-9999.0,-9999.0,0.0,,
USC00045151,1949,4,23,-9999.0,-9999.0,0.0,,
USC00045151,1949,4,24,-9999.0,-9999.0,0.0,,
USC00045151,1949,4,25,-9999.0,-9999.0,0.0,,
USC00045151,1949,4,26,-9999.0,-9999.0,0.0,,
USC00045151,1949,4,27,-9999.0,-9999.0,0.0,,
USC00045151,1949,4,28,-9999.0,-9999.0,0.0,,
USC00045151,1949,4,29,-9999.0,-9999.0,0.0,,
USC00045151,1949,4,3,-9999.0,-9999.0,0.0,,
USC00045151,1949,4,30,-9999.0,-9999.0,0.0,,
USC00045151,1949,4,31,-9999.0,-9999.0,-9999.0,,
USC00045151,1949,4,4,-9999.0,-9999.0,0.0,,
USC00045151,1949,4,5,-9999.0,-9999.0,0.0,,
USC00045151,1949,4,6,-9999.0,-9999.0,0.0,,
USC00045151,1949,4,7,-9999.0,-9999.0,-9999.0,,
USC00045151,1949,4,8,2.0,18.0,-9999.0,,
USC00045151,1949,4,9,-9999.0,-9999.0,0.0,,
USC00045151,1949,5,1,,,0.0,,
USC00045151,1949,5,10,,,0.0,,
USC00045151,1949,5,11,,,0.0,,
USC00045151,1949,5,12,,,0.0,,
USC00045151,1949,5,13,,,-9999.0,,
USC00045151,1949,5,14,,,56.0,,
USC00045151,1949,5,15,,,0.0,,
USC00045151,1949,5,16,,,0.0,,
USC00045151,1949,5,17,,,0.0,,
USC00045151,1949,5,18,,,8.0,,
USC00045151,1949,5,19,,,33.0,,
USC00045151,1949,5,2,,,0.0,,
USC00045151,1949,5,20,,,0.0,,
USC00045151,1949,5,21,,,0.0,,
USC00045151,1949,5,22,,,0.0,,
USC00045151,1949,5,23,,,0.0,,
USC00045151,1949,5,24,,,0.0,,
USC00045151,1949,5,25,,,0.0,,
USC00045151,1949,5,26,,,0.0,,
USC00045151,1949,5,27,,,0.0,,
USC00045151,1949,5,28,,,0.0,,
USC00045151,1949,5,29,,,0.0,,
USC00045151,1949,5,3,,,0.0,,
USC00045151,1949,5,30,,,0.0,,
USC00045151,1949,5,31,,,0.0,,
USC00045151,1949,5,4,,,0.0,,
USC00045151,1949,5,5,,,0.0,,
USC00045151,1949,5,6,,,0.0,,
USC00045151,1949,5,7,,,0.0,,
USC00045151,1949,5,8,,,0.0,,
USC00045151,1949,5,9,,,0.0,,
USC00045151,1949,6,1,,,0.0,,
USC00045151,1949,6,10,,,0.0,,
USC00045151,1949,6,11,,,0.0,,
USC00045151,1949,6,12,,,0.0,,
USC00045151,1949,6,13,,,0.0,,
USC00045151,1949,6,14,,,0.0,,
USC00045151,1949,6,15,,,0.0,,
USC00045151,1949,6,16,,,0.0,,
USC00045151,1949,6,17,,,0.0,,
USC00045151,1949,6,18,,,0.0,,
USC00045151,1949,6,19,,,0.0,,
USC00045151,1949,6,2,,,0.0,,
USC00045151,1949,6,20,,,0.0,,
USC00045151,1949,6,21,,,0.0,,
USC00045151,1949,6,22,,,0.0,,
USC00045151,1949,6,23,,,0.0,,
USC00045151,1949,6,24,,,0.0,,
USC00045151,1949,6,25,,,0.0,,
USC00045151,1949,6,26,,,0.0,,
USC00045151,1949,6,27,,,0.0,,
USC00045151,1949,6,28,,,0.0,,
USC00045151,1949,6,29,,,0.0,,
USC00045151,1949,6,3,,,0.0,,
USC00045151,1949,6,30,,,0.0,,
USC00045151,1949,6,31,,,-9999.0,,
USC00045151,1949,6,4,,,0.0,,
USC00045151,1949,6,5,,,0.0,,
USC00045151,1949,6,6,,,0.0,,
USC00045151,1949,6,7,,,0.0,,
USC00045151,1949,6,8,,,0.0,,
USC00045151,1949,6,9,,,0.0,,
USC00045151,1949,7,1,,,0.0,,
USC00045151,1949,7,10,,,0.0,,
USC00045151,1949,7,11,,,0.0,,
USC00045151,1949,7,12,,,0.0,,
USC00045151,1949,7,13,,,0.0,,
USC00045151,1949,7,14,,,0.0,,
USC00045151,1949,7,15,,,0.0,,
USC00045151,1949,7,16,,,0.0,,
USC00045151,1949,7,17,,,0.0,,
USC00045151,1949,7,18,,,0.0,,
USC00045151,1949,7,19,,,0.0,,
USC00045151,1949,7,2,,,0.0,,
USC00045151,1949,7,20,,,0.0,,
USC00045151,1949,7,21,,,0.0,,
USC00045151,1949,7,22,,,0.0,,
USC00045151,1949,7,23,,,0.0,,
USC00045151,1949,7,24,,,0.0,,
USC00045151,1949,7,25,,,0.0,,
USC00045151,1949,7,26,,,0.0,,
USC00045151,1949,7,27,,,0.0,,
USC00045151,1949,7,28,,,0.0,,
USC00045151,1949,7,29,,,0.0,,
USC00045151,1949,7,3,,,0.0,,
USC00045151,1949,7,30,,,0.0,,
USC00045151,1949,7,31,,,0.0,,
USC00045151,1949,7,4,,,0.0,,
USC00045151,1949,7,5,,,0.0,,
USC00045151,1949,7,6,,,0.0,,
USC00045151,1949,7,7,,,0.0,,
USC00045151,1949,7,8,,,0.0,,
USC00045151,1949,7,9,,,0.0,,
USC00045151,1949,8,1,,,0.0,,
USC00045151,1949,8,10,,,0.0,,
USC00045151,1949,8,11,,,0.0,,
USC00045151,1949,8,12,,,0.0,,
USC00045151,1949,8,13,,,0.0,,
USC00045151,1949,8,14,,,0.0,,
USC00045151,1949,8,15,,,0.0,,
USC00045151,1949,8,16,,,0.0,,
USC00045151,1949,8,17,,,0.0,,
USC00045151,1949,8,18,,,0.0,,
USC00045151,1949,8,19,,,0.0,,
USC00045151,1949,8,2,,,0.0,,
USC00045151,1949,8,20,,,0.0,,
USC00045151,1949,8,21,,,0.0,,
USC00045151,1949,8,22,,,3.0,,
USC00045151,1949,8,23,,,0.0,,
USC00045151,1949,8,24,,,0.0,,
USC00045151,1949,8,25,,,0.0,,
USC00045151,1949,8,26,,,0.0,,
USC00045151,1949,8,27,,,0.0,,
USC00045151,1949,8,28,,,0.0,,
USC00045151,1949,8,29,,,0.0,,
USC00045151,1949,8,3,,,0.0,,
USC00045151,1949,8,30,,,0.0,,
USC00045151,1949,8,31,,,0.0,,
USC00045151,1949,8,4,,,0.0,,
USC00045151,1949,8,5,,,0.0,,
USC00045151,1949,8,6,,,0.0,,
USC00045151,1949,8,7,,,0.0,,
USC00045151,1949,8,8,,,0.0,,
USC00045151,1949,8,9,,,0.0,,
USC00045151,1949,9,1,,,0.0,,
USC00045151,1949,9,10,,,0.0,,
USC00045151,1949,9,11,,,0.0,,
USC00045151,1949,9,12,,,0.0,,
USC00045151,1949,9,13,,,0.0,,
USC00045151,1949,9,14,,,0.0,,
USC00045151,1949,9,15,,,0.0,,
USC00045151,1949,9,16,,,0.0,,
USC00045151,1949,9,17,,,0.0,,
USC00045151,1949,9,18,,,0.0,,
USC00045151,1949,9,19,,,0.0,,
USC00045151,1949,9,2,,,0.0,,
USC00045151,1949,9,20,,,0.0,,
USC00045151,1949,9,21,,,0.0,,
USC00045151,1949,9,22,,,0.0,,
USC00045151,1949,9,23,,,0.0,,
USC00045151,1949,9,24,,,0.0,,
USC00045151,1949,9,25,,,0.0,,
USC00045151,1949,9,26,,,0.0,,
USC00045151,1949,9,27,,,0.0,,
USC00045151,1949,9,28,,,0.0,,
USC00045151,1949,9,29,,,0.0,,
USC00045151,1949,9,3,,,0.0,,
USC00045151,1949,9,30,,,0.0,,
USC00045151,1949,9,31,,,-9999.0,,
USC00045151,1949,9,4,,,0.0,,
USC00045151,1949,9,5,,,0.0,,
USC00045151,1949,9,6,,,0.0,,
USC00045151,1949,9,7,,,0.0,,
USC00045151,1949,9,8,,,0.0,,
USC00045151,1949,9,9,,,0.0,,
USC00045151,1949,10,1,,,0.0,,
USC00045151,1949,10,10,,,0.0,,
USC00045151,1949,10,11,,,0.0,,
USC00045151,1949,10,12,,,0.0,,
USC00045151,1949,10,13,,,0.0,,
USC00045151,1949,10,14,,,0.0,,
USC00045151,1949,10,15,,,0.0,,
USC00045151,1949,10,16,,,0.0,,
USC00045151,1949,10,17,,,0.0,,
USC00045151,1949,10,18,,,0.0,,
USC00045151,1949,10,19,,,0.0,,
USC00045151,1949,10,2,,,0.0,,
USC00045151,1949,10,20,,,0.0,,
USC00045151,1949,10,21,,,0.0,,
USC00045151,1949,10,22,,,0.0,,
USC00045151,1949,10,23,,,0.0,,
USC00045151,1949,10,24,,,0.0,,
USC00045151,1949,10,25,,,0.0,,
USC00045151,1949,10,26,,,0.0,,
USC00045151,1949,10,27,,,0.0,,
USC00045151,1949,10,28,,,0.0,,
USC00045151,1949,10,29,,,0.0,,
USC00045151,1949,10,3,,,0.0,,
USC00045151,1949,10,30,,,0.0,,
USC00045151,1949,10,31,,,0.0,,
USC00045151,1949,10,4,,,0.0,,
USC00045151,1949,10,5,,,0.0,,
USC00045151,1949,10,6,,,0.0,,
USC00045151,1949,10,7,,,0.0,,
USC00045151,1949,10,8,,,0.0,,
USC00045151,1949,10,9,,,0.0,,
USC00045151,1949,11,1,,,0.0,,
USC00045151,1949,11,10,,,46.0,,
USC00045151,1949,11,11,,,0.0,,
USC00045151,1949,11,12,,,0.0,,
USC00045151,1949,11,13,,,0.0,,
USC00045151,1949,11,14,,,0.0,,
USC00045151,1949,11,15,,,0.0,,
USC00045151,1949,11,16,,,0.0,,
USC00045151,1949,11,17,,,0.0,,
USC00045151,1949,11,18,,,0.0,,
USC00045151,1949,11,19,,,0.0,,
USC00045151,1949,11,2,,,0.0,,
USC00045151,1949,11,20,,,0.0,,
USC00045151,1949,11,21,,,0.0,,
USC00045151,1949,11,22,,,0.0,,
USC00045151,1949,11,23,,,0.0,,
USC00045151,1949,11,24,,,0.0,,
USC00045151,1949,11,25,,,0.0,,
USC00045151,1949,11,26,,,0.0,,
USC00045151,1949,11,27,,,0.0,,
USC00045151,1949,11,28,,,0.0,,
USC00045151,1949,11,29,,,0.0,,
USC00045151,1949,11,3,,,0.0,,
USC00045151,1949,11,30,,,0.0,,
USC00045151,1949,11,31,,,-9999.0,,
USC00045151,1949,11,4,,,0.0,,
USC00045151,1949,11,5,,,0.0,,
USC00045151,1949,11,6,,,0.0,,
USC00045151,1949,11,7,,,0.0,,
USC00045151,1949,11,8,,,0.0,,
USC00045151,1949,11,9,,,0.0,,
USC00045151,1949,12,1,,,0.0,,
USC00045151,1949,12,10,,,0.0,,
USC00045151,1949,12,11,,,0.0,,
USC00045151,1949,12,12,,,0.0,,
USC00045151,1949,12,13,,,0.0,,
USC00045151,1949,12,14,,,0.0,,
USC00045151,1949,12,15,,,0.0,,
USC00045151,1949,12,16,,,0.0,,
USC00045151,1949,12,17,,,0.0,,
USC00045151,1949,12,18,,,30.0,,
USC00045151,1949,12,19,,,43.0,,
USC00045151,1949,12,2,,,0.0,,
USC00045151,1949,12,20,,,0.0,,
USC00045151,1949,12,21,,,0.0,,
USC00045151,1949,12,22,,,0.0,,
USC00045151,1949,12,23,,,0.0,,
USC00045151,1949,12,24,,,0.0,,
USC00045151,1949,12,25,,,0.0,,
USC00045151,1949,12,26,,,0.0,,
USC00045151,1949,12,27,,,0.0,,
USC00045151,1949,12,28,,,0.0,,
USC00045151,1949,12,29,,,0.0,,
USC00045151,1949,12,3,,,0.0,,
USC00045151,1949,12,30,,,0.0,,
USC00045151,1949,12,31,,,0.0,,
USC00045151,1949,12,4,,,0.0,,
USC00045151,1949,12,5,,,0.0,,
USC00045151,1949,12,6,,,0.0,,
USC00045151,1949,12,7,,,66.0,,
USC00045151,1949,12,8,,,71.0,,
USC00045151,1949,12,9,,,0.0,,
USC00045151,1950,1,1,,,0.0,,
USC00045151,1950,1,10,,,0.0,,
USC00045151,1950,1,11,,,64.0,,
USC00045151,1950,1,12,,,58.0,,
USC00045151,1950,1,13,,,0.0,,
USC00045151,1950,1,14,,,41.0,,
USC00045151,1950,1,15,,,0.0,,
USC00045151,1950,1,16,,,0.0,,
USC00045151,1950,1,17,,,0.0,,
USC00045151,1950,1,18,,,0.0,,
USC00045151,1950,1,19,,,0.0,,
USC00045151,1950,1,2,,,0.0,,
USC00045151,1950,1,20,,,0.0,,
USC00045151,1950,1,21,,,0.0,,
USC00045151,1950,1,22,,,0.0,,
USC00045151,1950,1,23,,,0.0,,
USC00045151,1950,1,24,,,0.0,,
USC00045151,1950,1,25,,,0.0,,
USC00045151,1950,1,26,,,0.0,,
USC00045151,1950,1,27,,,0.0,,
USC00045151,1950,1,28,,,94.0,,
USC00045151,1950,1,29,,,0.0,,
USC00045151,1950,1,3,,,0.0,,
USC00045151,1950,1,30,,,0.0,,
USC00045151,1950,1,31,,,0.0,,
USC00045151,1950,1,4,,,0.0,,
USC00045151,1950,1,5,,,0.0,,
USC00045151,1950,1,6,,,0.0,,
USC00045151,1950,1,7,,,0.0,,
USC00045151,1950,1,8,,,18.0,,
USC00045151,1950,1,9,,,0.0,,
USC00045151,1950,2,1,,,0.0,,
USC00045151,1950,2,10,,,79.0,,
USC00045151,1950,2,11,,,0.0,,
USC00045151,1950,2,12,,,0.0,,
USC00045151,1950,2,13,,,0.0,,
USC00045151,1950,2,14,,,0.0,,
USC00045151,1950,2,15,,,0.0,,
USC00045151,1950,2,16,,,0.0,,
USC00045151,1950,2,17,,,0.0,,
USC00045151,1950,2,18,,,0.0,,
USC00045151,1950,2,19,,,0.0,,
USC00045151,1950,2,2,,,0.0,,
USC00045151,1950,2,20,,,0.0,,
USC00045151,1950,2,21,,,0.0,,
USC00045151,1950,2,22,,,0.0,,
USC00045151,1950,2,23,,,0.0,,
USC00045151,1950,2,24,,,0.0,,
USC00045151,1950,2,25,,,0.0,,
USC00045151,1950,2,26,,,0.0,,
USC00045151,1950,2,27,,,0.0,,
USC00045151,1950,2,28,,,0.0,,
USC00045151,1950,2,29,,,-9999.0,,
USC00045151,1950,2,3,,,0.0,,
USC00045151,1950,2,30,,,-9999.0,,
USC00045151,1950,2,31,,,-9999.0,,
USC00045151,1950,2,4,,,46.0,,
USC00045151,1950,2,5,,,51.0,,
USC00045151,1950,2,6,,,10.0,,
USC00045151,1950,2,7,,,0.0,,
USC00045151,1950,2,8,,,0.0,,
USC00045151,1950,2,9,,,0.0,,
USC00045151,1950,3,1,,,0.0,,
USC00045151,1950,3,10,,,0.0,,
USC00045151,1950,3,11,,,0.0,,
USC00045151,1950,3,12,,,0.0,,
USC00045151,1950,3,13,,,0.0,,
USC00045151,1950,3,14,,,0.0,,
USC00045151,1950,3,15,,,0.0,,
USC00045151,1950,3,16,,,0.0,,
USC00045151,1950,3,17,,,0.0,,
USC00045151,1950,3,18,,,0.0,,
USC00045151,1950,3,19,,,0.0,,
USC00045151,1950,3,2,,,0.0,,
USC00045151,1950,3,20,,,0.0,,
USC00045151,1950,3,21,,,0.0,,
USC00045151,1950,3,22,,,0.0,,
USC00045151,1950,3,23,,,0.0,,
USC00045151,1950,3,24,,,71.0,,
USC00045151,1950,3,25,,,25.0,,
USC00045151,1950,3,26,,,0.0,,
USC00045151,1950,3,27,,,0.0,,
USC00045151,1950,3,28,,,0.0,,
USC00045151,1950,3,29,,,0.0,,
USC00045151,1950,3,3,,,0.0,,
USC00045151,1950,3,30,,,0.0,,
USC00045151,1950,3,31,,,0.0,,
USC00045151,1950,3,4,,,0.0,,
USC00045151,1950,3,5,,,0.0,,
USC00045151,1950,3,6,,,0.0,,
USC00045151,1950,3,7,,,0.0,,
USC00045151,1950,3,8,,,0.0,,
USC00045151,1950,3,9,,,0.0,,
USC00045151,1950,4,1,,,0.0,,
USC00045151,1950,4,10,,,0.0,,
USC00045151,1950,4,11,,,0.0,,
USC00045151,1950,4,12,,,0.0,,
USC00045151,1950,4,13,,,0.0,,
USC00045151,1950,4,14,,,0.0,,
USC00045151,1950,4,15,,,0.0,,
USC00045151,1950,4,16,,,0.0,,
USC00045151,1950,4,17,,,0.0,,
USC00045151,1950,4,18,,,0.0,,
USC00045151,1950,4,19,,,0.0,,
USC00045151,1950,4,2,,,0.0,,
USC00045151,1950,4,20,,,0.0,,
USC00045151,1950,4,21,,,0.0,,
USC00045151,1950,4,22,,,0.0,,
USC00045151,1950,4,23,,,0.0,,
USC00045151,1950,4,24,,,0.0,,
USC00045151,1950,4,25,,,0.0,,
USC00045151,1950,4,26,,,0.0,,
USC00045151,1950,4,27,,,0.0,,
USC00045151,1950,4,28,,,0.0,,
USC00045151,1950,4,29,,,0.0,,
USC00045151,1950,4,3,,,0.0,,
USC00045151,1950,4,30,,,0.0,,
USC00045151,1950,4,31,,,-9999.0,,
USC00045151,1950,4,4,,,0.0,,
USC00045151,1950,4,5,,,0.0,,
USC00045151,1950,4,6,,,0.0,,
USC00045151,1950,4,7,,,0.0,,
USC00045151,1950,4,8,,,38.0,,
USC00045151,1950,4,9,,,0.0,,
USC00045151,1950,5,1,-9999.0,-9999.0,0.0,,
USC00045151,1950,5,10,-9999.0,-9999.0,0.0,,
USC00045151,1950,5,11,-9999.0,-9999.0,0.0,,
USC00045151,1950,5,12,-9999.0,-9999.0,0.0,,
USC00045151,1950,5,13,-9999.0,-9999.0,0.0,,
USC00045151,1950,5,14,-9999.0,-9999.0,0.0,,
USC00045151,1950,5,15,-9999.0,-9999.0,0.0,,
USC00045151,1950,5,16,-9999.0,-9999.0,0.0,,
USC00045151,1950,5,17,-9999.0,-9999.0,0.0,,
USC00045151,1950,5,18,-9999.0,-9999.0,0.0,,
USC00045151,1950,5,19,-9999.0,-9999.0,0.0,,
USC00045151,1950,5,2,-9999.0,-9999.0,-9999.0,,
USC00045151,1950,5,20,-9999.0,-9999.0,0.0,,
USC00045151,1950,5,21,-9999.0,-9999.0,0.0,,
USC00045151,1950,5,22,-9999.0,-9999.0,0.0,,
USC00045151,1950,5,23,-9999.0,-9999.0,0.0,,
USC00045151,1950,5,24,-9999.0,-9999.0,0.0,,
USC00045151,1950,5,25,-9999.0,-9999.0,0.0,,
USC00045151,1950,5,26,-9999.0,-9999.0,0.0,,
USC00045151,1950,5,27,-9999.0,-9999.0,0.0,,
USC00045151,1950,5,28,-9999.0,-9999.0,0.0,,
USC00045151,1950,5,29,-9999.0,-9999.0,0.0,,
USC00045151,1950,5,3,2.0,66.0,-9999.0,,
USC00045151,1950,5,30,-9999.0,-9999.0,0.0,,
USC00045151,1950,5,31,-9999.0,-9999.0,0.0,,
USC00045151,1950,5,4,-9999.0,-9999.0,0.0,,
USC00045151,1950,5,5,-9999.0,-9999.0,0.0,,
USC00045151,1950,5,6,-9999.0,-9999.0,0.0,,
USC00045151,1950,5,7,-9999.0,-9999.0,0.0,,
USC00045151,1950,5,8,-9999.0,-9999.0,0.0,,
USC00045151,1950,5,9,-9999.0,-9999.0,0.0,,
USC00045151,1950,6,1,,,0.0,,
USC00045151,1950,6,10,,,0.0,,
USC00045151,1950,6,11,,,0.0,,
USC00045151,1950,6,12,,,0.0,,
USC00045151,1950,6,13,,,0.0,,
USC00045151,1950,6,14,,,0.0,,
USC00045151,1950,6,15,,,0.0,,
USC00045151,1950,6,16,,,0.0,,
USC00045151,1950,6,17,,,0.0,,
USC00045151,1950,6,18,,,0.0,,
USC00045151,1950,6,19,,,0.0,,
USC00045151,1950,6,2,,,0.0,,
USC00045151,1950,6,20,,,0.0,,
USC00045151,1950,6,21,,,0.0,,
USC00045151,1950,6,22,,,0.0,,
USC00045151,1950,6,23,,,0.0,,
USC00045151,1950,6,24,,,0.0,,
USC00045151,1950,6,25,,,0.0,,
USC00045151,1950,6,26,,,0.0,,
USC00045151,1950,6,27,,,0.0,,
USC00045151,1950,6,28,,,0.0,,
USC00045151,1950,6,29,,,0.0,,
USC00045151,1950,6,3,,,0.0,,
USC00045151,1950,6,30,,,0.0,,
USC00045151,1950,6,31,,,-9999.0,,
USC00045151,1950,6,4,,,0.0,,
USC00045151,1950,6,5,,,0.0,,
USC00045151,1950,6,6,,,0.0,,
USC00045151,1950,6,7,,,0.0,,
USC00045151,1950,6,8,,,0.0,,
USC00045151,1950,6,9,,,0.0,,
USC00045151,1950,7,1,,,0.0,,
USC00045151,1950,7,10,,,0.0,,
USC00045151,1950,7,11,,,0.0,,
USC00045151,1950,7,12,,,0.0,,
USC00045151,1950,7,13,,,0.0,,
USC00045151,1950,7,14,,,0.0,,
USC00045151,1950,7,15,,,0.0,,
USC00045151,1950,7,16,,,0.0,,
USC00045151,1950,7,17,,,0.0,,
USC00045151,1950,7,18,,,0.0,,
USC00045151,1950,7,19,,,0.0,,
USC00045151,1950,7,2,,,0.0,,
USC00045151,1950,7,20,,,0.0,,
USC00045151,1950,7,21,,,0.0,,
USC00045151,1950,7,22,,,0.0,,
USC00045151,1950,7,23,,,0.0,,
USC00045151,1950,7,24,,,0.0,,
USC00045151,1950,7,25,,,0.0,,
USC00045151,1950,7,26,,,0.0,,
USC00045151,1950,7,27,,,0.0,,
USC00045151,1950,7,28,,,0.0,,
USC00045151,1950,7,29,,,0.0,,
USC00045151,1950,7,3,,,0.0,,
USC00045151,1950,7,30,,,0.0,,
USC00045151,1950,7,31,,,0.0,,
USC00045151,1950,7,4,,,0.0,,
USC00045151,1950,7,5,,,0.0,,
USC00045151,1950,7,6,,,0.0,,
USC00045151,1950,7,7,,,0.0,,
USC00045151,1950,7,8,,,0.0,,
USC00045151,1950,7,9,,,0.0,,
USC00045151,1950,8,1,,,0.0,,
USC00045151,1950,8,10,,,0.0,,
USC00045151,1950,8,11,,,-9999.0,,
USC00045151,1950,8,12,,,0.0,,
USC00045151,1950,8,13,,,0.0,,
USC00045151,1950,8,14,,,0.0,,
USC00045151,1950,8,15,,,0.0,,
USC00045151,1950,8,16,,,0.0,,
USC00045151,1950,8,17,,,0.0,,
USC00045151,1950,8,18,,,0.0,,
USC00045151,1950,8,19,,,0.0,,
USC00045151,1950,8,2,,,0.0,,
USC00045151,1950,8,20,,,0.0,,
USC00045151,1950,8,21,,,0.0,,
USC00045151,1950,8,22,,,0.0,,
USC00045151,1950,8,23,,,0.0,,
USC00045151,1950,8,24,,,0.0,,
USC00045151,1950,8,25,,,0.0,,
USC00045151,1950,8,26,,,0.0,,
USC00045151,1950,8,27,,,0.0,,
USC00045151,1950,8,28,,,0.0,,
USC00045151,1950,8,29,,,0.0,,
USC00045151,1950,8,3,,,0.0,,
USC00045151,1950,8,30,,,0.0,,
USC00045151,1950,8,31,,,0.0,,
USC00045151,1950,8,4,,,0.0,,
USC00045151,1950,8,5,,,0.0,,
USC00045151,1950,8,6,,,0.0,,
USC00045151,1950,8,7,,,0.0,,
USC00045151,1950,8,8,,,0.0,,
USC00045151,1950,8,9,,,0.0,,
USC00045151,1950,9,1,,,0.0,,
USC00045151,1950,9,10,,,0.0,,
USC00045151,1950,9,11,,,0.0,,
USC00045151,1950,9,12,,,0.0,,
USC00045151,1950,9,13,,,0.0,,
USC00045151,1950,9,14,,,0.0,,
USC00045151,1950,9,15,,,0.0,,
USC00045151,1950,9,16,,,0.0,,
USC00045151,1950,9,17,,,64.0,,
USC00045151,1950,9,18,,,20.0,,
USC00045151,1950,9,19,,,0.0,,
USC00045151,1950,9,2,,,0.0,,
USC00045151,1950,9,20,,,0.0,,
USC00045151,1950,9,21,,,0.0,,
USC00045151,1950,9,22,,,0.0,,
USC00045151,1950,9,23,,,0.0,,
USC00045151,1950,9,24,,,0.0,,
USC00045151,1950,9,25,,,0.0,,
USC00045151,1950,9,26,,,0.0,,
USC00045151,1950,9,27,,,0.0,,
USC00045151,1950,9,28,,,0.0,,
USC00045151,1950,9,29,,,0.0,,
USC00045151,1950,9,3,,,0.0,,
USC00045151,1950,9,30,,,0.0,,
USC00045151,1950,9,31,,,-9999.0,,
USC00045151,1950,9,4,,,0.0,,
USC00045151,1950,9,5,,,0.0,,
USC00045151,1950,9,6,,,0.0,,
USC00045151,1950,9,7,,,0.0,,
USC00045151,1950,9,8,,,0.0,,
USC00045151,1950,9,9,,,0.0,,
USC00045151,1950,10,1,,,0.0,,
USC00045151,1950,10,10,,,0.0,,
USC00045151,1950,10,11,,,0.0,,
USC00045151,1950,10,12,,,0.0,,
USC00045151,1950,10,13,,,0.0,,
USC00045151,1950,10,14,,,0.0,,
USC00045151,1950,10,15,,,0.0,,
USC00045151,1950,10,16,,,0.0,,
USC00045151,1950,10,17,,,0.0,,
USC00045151,1950,10,18,,,0.0,,
USC00045151,1950,10,19,,,0.0,,
USC00045151,1950,10,2,,,0.0,,
USC00045151,1950,10,20,,,0.0,,
USC00045151,1950,10,21,,,0.0,,
USC00045151,1950,10,22,,,0.0,,
USC00045151,1950,10,23,,,13.0,,
USC00045151,1950,10,24,,,0.0,,
USC00045151,1950,10,25,,,0.0,,
USC00045151,1950,10,26,,,5.0,,
USC00045151,1950,10,27,,,0.0,,
USC00045151,1950,10,28,,,0.0,,
USC00045151,1950,10,29,,,0.0,,
USC00045151,1950,10,3,,,0.0,,
USC00045151,1950,10,30,,,13.0,,
USC00045151,1950,10,31,,,0.0,,
USC00045151,1950,10,4,,,0.0,,
USC00045151,1950,10,5,,,0.0,,
USC00045151,1950,10,6,,,0.0,,
USC00045151,1950,10,7,,,0.0,,
USC00045151,1950,10,8,,,0.0,,
USC00045151,1950,10,9,,,0.0,,
USC00045151,1950,11,1,,,0.0,,
USC00045151,1950,11,10,,,0.0,,
USC00045151,1950,11,11,,,0.0,,
USC00045151,1950,11,12,,,0.0,,
USC00045151,1950,11,13,,,66.0,,
USC00045151,1950,11,14,,,0.0,,
USC00045151,1950,11,15,,,0.0,,
USC00045151,1950,11,16,,,0.0,,
USC00045151,1950,11,17,,,0.0,,
USC00045151,1950,11,18,,,0.0,,
USC00045151,1950,11,19,,,0.0,,
USC00045151,1950,11,2,,,0.0,,
USC00045151,1950,11,20,,,0.0,,
USC00045151,1950,11,21,,,0.0,,
USC00045151,1950,11,22,,,0.0,,
USC00045151,1950,11,23,,,0.0,,
USC00045151,1950,11,24,,,0.0,,
USC00045151,1950,11,25,,,0.0,,
USC00045151,1950,11,26,,,0.0,,
USC00045151,1950,11,27,,,0.0,,
USC00045151,1950,11,28,,,0.0,,
USC00045151,1950,11,29,,,0.0,,
USC00045151,1950,11,3,,,0.0,,
USC00045151,1950,11,30,,,41.0,,
USC00045151,1950,11,31,,,-9999.0,,
USC00045151,1950,11,4,,,0.0,,
USC00045151,1950,11,5,,,0.0,,
USC00045151,1950,11,6,,,0.0,,
USC00045151,1950,11,7,,,0.0,,
USC00045151,1950,11,8,,,0.0,,
USC00045151,1950,11,9,,,0.0,,
USC00045151,1950,12,1,,,0.0,,
USC00045151,1950,12,10,,,0.0,,
USC00045151,1950,12,11,,,0.0,,
USC00045151,1950,12,12,,,0.0,,
USC00045151,1950,12,13,,,0.0,,
USC00045151,1950,12,14,,,46.0,,
USC00045151,1950,12,15,,,0.0,,
USC00045151,1950,12,16,,,0.0,,
USC00045151,1950,12,17,,,0.0,,
USC00045151,1950,12,18,,,0.0,,
USC00045151,1950,12,19,,,0.0,,
USC00045151,1950,12,2,,,0.0,,
USC00045151,1950,12,20,,,0.0,,
USC00045151,1950,12,21,,,0.0,,
USC00045151,1950,12,22,,,0.0,,
USC00045151,1950,12,23,,,0.0,,
USC00045151,1950,12,24,,,0.0,,
USC00045151,1950,12,25,,,0.0,,
USC00045151,1950,12,26,,,0.0,,
USC00045151,1950,12,27,,,0.0,,
USC00045151,1950,12,28,,,0.0,,
USC00045151,1950,12,29,,,0.0,,
USC00045151,1950,12,3,,,3.0,,
USC00045151,1950,12,30,,,0.0,,
USC00045151,1950,12,31,,,0.0,,
USC00045151,1950,12,4,,,0.0,,
USC00045151,1950,12,5,,,0.0,,
USC00045151,1950,12,6,,,0.0,,
USC00045151,1950,12,7,,,5.0,,
USC00045151,1950,12,8,,,0.0,,
USC00045151,1950,12,9,,,0.0,,
USC00045151,1951,1,1,-9999.0,-9999.0,0.0,,
USC00045151,1951,1,10,-9999.0,-9999.0,-9999.0,,
USC00045151,1951,1,11,2.0,102.0,-9999.0,,
USC00045151,1951,1,12,-9999.0,-9999.0,0.0,,
USC00045151,1951,1,13,-9999.0,-9999.0,0.0,,
USC00045151,1951,1,14,-9999.0,-9999.0,0.0,,
USC00045151,1951,1,15,-9999.0,-9999.0,15.0,,
USC00045151,1951,1,16,-9999.0,-9999.0,18.0,,
USC00045151,1951,1,17,-9999.0,-9999.0,0.0,,
USC00045151,1951,1,18,-9999.0,-9999.0,13.0,,
USC00045151,1951,1,19,-9999.0,-9999.0,0.0,,
USC00045151,1951,1,2,-9999.0,-9999.0,0.0,,
USC00045151,1951,1,20,-9999.0,-9999.0,0.0,,
USC00045151,1951,1,21,-9999.0,-9999.0,0.0,,
USC00045151,1951,1,22,-9999.0,-9999.0,0.0,,
USC00045151,1951,1,23,-9999.0,-9999.0,0.0,,
USC00045151,1951,1,24,-9999.0,-9999.0,0.0,,
USC00045151,1951,1,25,-9999.0,-9999.0,0.0,,
USC00045151,1951,1,26,-9999.0,-9999.0,0.0,,
USC00045151,1951,1,27,-9999.0,-9999.0,0.0,,
USC00045151,1951,1,28,-9999.0,-9999.0,0.0,,
USC00045151,1951,1,29,-9999.0,-9999.0,58.0,,
USC00045151,1951,1,3,-9999.0,-9999.0,0.0,,
USC00045151,1951,1,30,-9999.0,-9999.0,0.0,,
USC00045151,1951,1,31,-9999.0,-9999.0,0.0,,
USC00045151,1951,1,4,-9999.0,-9999.0,5.0,,
USC00045151,1951,1,5,-9999.0,-9999.0,0.0,,
USC00045151,1951,1,6,-9999.0,-9999.0,0.0,,
USC00045151,1951,1,7,-9999.0,-9999.0,0.0,,
USC00045151,1951,1,8,-9999.0,-9999.0,0.0,,
USC00045151,1951,1,9,-9999.0,-9999.0,0.0,,
USC00045151,1951,2,1,,,0.0,,
USC00045151,1951,2,10,,,0.0,,
USC00045151,1951,2,11,,,3.0,,
USC00045151,1951,2,12,,,0.0,,
USC00045151,1951,2,13,,,0.0,,
USC00045151,1951,2,14,,,0.0,,
USC00045151,1951,2,15,,,0.0,,
USC00045151,1951,2,16,,,0.0,,
USC00045151,1951,2,17,,,0.0,,
USC00045151,1951,2,18,,,3.0,,
USC00045151,1951,2,19,,,0.0,,
USC00045151,1951,2,2,,,0.0,,
USC00045151,1951,2,20,,,0.0,,
USC00045151,1951,2,21,,,0.0,,
USC00045151,1951,2,22,,,0.0,,
USC00045151,1951,2,23,,,10.0,,
USC00045151,1951,2,24,,,0.0,,
USC00045151,1951,2,25,,,0.0,,
USC00045151,1951,2,26,,,25.0,,
USC00045151,1951,2,27,,,8.0,,
USC00045151,1951,2,28,,,0.0,,
USC00045151,1951,2,29,,,-9999.0,,
USC00045151,1951,2,3,,,0.0,,
USC00045151,1951,2,30,,,-9999.0,,
USC00045151,1951,2,31,,,-9999.0,,
USC00045151,1951,2,4,,,0.0,,
USC00045151,1951,2,5,,,0.0,,
USC00045151,1951,2,6,,,0.0,,
USC00045151,1951,2,7,,,0.0,,
USC00045151,1951,2,8,,,0.0,,
USC00045151,1951,2,9,,,0.0,,
USC00045151,1951,3,1,,,10.0,,
USC00045151,1951,3,10,,,0.0,,
USC00045151,1951,3,11,,,0.0,,
USC00045151,1951,3,12,,,0.0,,
USC00045151,1951,3,13,,,0.0,,
USC00045151,1951,3,14,,,0.0,,
USC00045151,1951,3,15,,,0.0,,
USC00045151,1951,3,16,,,0.0,,
USC00045151,1951,3,17,,,0.0,,
USC00045151,1951,3,18,,,0.0,,
USC00045151,1951,3,19,,,0.0,,
USC00045151,1951,3,2,,,0.0,,
USC00045151,1951,3,20,,,0.0,,
USC00045151,1951,3,21,,,0.0,,
USC00045151,1951,3,22,,,0.0,,
USC00045151,1951,3,23,,,0.0,,
USC00045151,1951,3,24,,,0.0,,
USC00045151,1951,3,25,,,0.0,,
USC00045151,1951,3,26,,,0.0,,
USC00045151,1951,3,27,,,0.0,,
USC00045151,1951,3,28,,,0.0,,
USC00045151,1951,3,29,,,0.0,,
USC00045151,1951,3,3,,,0.0,,
USC00045151,1951,3,30,,,0.0,,
USC00045151,1951,3,31,,,0.0,,
USC00045151,1951,3,4,,,0.0,,
USC00045151,1951,3,5,,,0.0,,
USC00045151,1951,3,6,,,0.0,,
USC00045151,1951,3,7,,,0.0,,
USC00045151,1951,3,8,,,0.0,,
USC00045151,1951,3,9,,,0.0,,
USC00045151,1951,4,1,,,0.0,,
USC00045151,1951,4,10,,,0.0,,
USC00045151,1951,4,11,,,0.0,,
USC00045151,1951,4,12,,,0.0,,
USC00045151,1951,4,13,,,0.0,,
USC00045151,1951,4,14,,,0.0,,
USC00045151,1951,4,15,,,0.0,,
USC00045151,1951,4,16,,,0.0,,
USC00045151,1951,4,17,,,0.0,,
USC00045151,1951,4,18,,,0.0,,
USC00045151,1951,4,19,,,8.0,,
USC00045151,1951,4,2,,,0.0,,
USC00045151,1951,4,20,,,0.0,,
USC00045151,1951,4,21,,,0.0,,
USC00045151,1951,4,22,,,0.0,,
USC00045151,1951,4,23,,,0.0,,
USC00045151,1951,4,24,,,0.0,,
USC00045151,1951,4,25,,,18.0,,
USC00045151,1951,4,26,,,0.0,,
USC00045151,1951,4,27,,,0.0,,
USC00045151,1951,4,28,,,13.0,,
USC00045151,1951,4,29,,,5.0,,
USC00045151,1951,4,3,,,0.0,,
USC00045151,1951,4,30,,,0.0,,
USC00045151,1951,4,31,,,-9999.0,,
USC00045151,1951,4,4,,,0.0,,
USC00045151,1951,4,5,,,0.0,,
USC00045151,1951,4,6,,,0.0,,
USC00045151,1951,4,7,,,0.0,,
USC00045151,1951,4,8,,,0.0,,
USC00045151,1951,4,9,,,0.0,,
USC00045151,1951,5,1,,,0.0,,
USC00045151,1951,5,10,,,0.0,,
USC00045151,1951,5,11,,,0.0,,
USC00045151,1951,5,12,,,0.0,,
USC00045151,1951,5,13,,,0.0,,
USC00045151,1951,5,14,,,0.0,,
USC00045151,1951,5,15,,,0.0,,
USC00045151,1951,5,16,,,0.0,,
USC00045151,1951,5,17,,,0.0,,
USC00045151,1951,5,18,,,0.0,,
USC00045151,1951,5,19,,,0.0,,
USC00045151,1951,5,2,,,0.0,,
USC00045151,1951,5,20,,,0.0,,
USC00045151,1951,5,21,,,0.0,,
USC00045151,1951,5,22,,,0.0,,
USC00045151,1951,5,23,,,0.0,,
USC00045151,1951,5,24,,,0.0,,
USC00045151,1951,5,25,,,0.0,,
USC00045151,1951,5,26,,,0.0,,
USC00045151,1951,5,27,,,0.0,,
USC00045151,1951,5,28,,,0.0,,
USC00045151,1951,5,29,,,0.0,,
USC00045151,1951,5,3,,,0.0,,
USC00045151,1951,5,30,,,0.0,,
USC00045151,1951,5,31,,,0.0,,
USC00045151,1951,5,4,,,0.0,,
USC00045151,1951,5,5,,,0.0,,
USC00045151,1951,5,6,,,0.0,,
USC00045151,1951,5,7,,,0.0,,
USC00045151,1951,5,8,,,0.0,,
USC00045151,1951,5,9,,,0.0,,
USC00045151,1951,6,1,,,0.0,,
USC00045151,1951,6,10,,,0.0,,
USC00045151,1951,6,11,,,0.0,,
USC00045151,1951,6,12,,,0.0,,
USC00045151,1951,6,13,,,0.0,,
USC00045151,1951,6,14,,,0.0,,
USC00045151,1951,6,15,,,0.0,,
USC00045151,1951,6,16,,,0.0,,
USC00045151,1951,6,17,,,0.0,,
USC00045151,1951,6,18,,,0.0,,
USC00045151,1951,6,19,,,0.0,,
USC00045151,1951,6,2,,,0.0,,
USC00045151,1951,6,20,,,0.0,,
USC00045151,1951,6,21,,,0.0,,
USC00045151,1951,6,22,,,0.0,,
USC00045151,1951,6,23,,,0.0,,
USC00045151,1951,6,24,,,0.0,,
USC00045151,1951,6,25,,,0.0,,
USC00045151,1951,6,26,,,0.0,,
USC00045151,1951,6,27,,,0.0,,
USC00045151,1951,6,28,,,0.0,,
USC00045151,1951,6,29,,,0.0,,
USC00045151,1951,6,3,,,0.0,,
USC00045151,1951,6,30,,,0.0,,
USC00045151,1951,6,31,,,-9999.0,,
USC00045151,1951,6,4,,,0.0,,
USC00045151,1951,6,5,,,0.0,,
USC00045151,1951,6,6,,,0.0,,
USC00045151,1951,6,7,,,0.0,,
USC00045151,1951,6,8,,,0.0,,
USC00045151,1951,6,9,,,0.0,,
USC00045151,1951,7,1,,,0.0,,
USC00045151,1951,7,10,,,0.0,,
USC00045151,1951,7,11,,,0.0,,
USC00045151,1951,7,12,,,0.0,,
USC00045151,1951,7,13,,,0.0,,
USC00045151,1951,7,14,,,0.0,,
USC00045151,1951,7,15,,,0.0,,
USC00045151,1951,7,16,,,0.0,,
USC00045151,1951,7,17,,,0.0,,
USC00045151,1951,7,18,,,0.0,,
USC00045151,1951,7,19,,,0.0,,
USC00045151,1951,7,2,,,0.0,,
USC00045151,1951,7,20,,,0.0,,
USC00045151,1951,7,21,,,0.0,,
USC00045151,1951,7,22,,,0.0,,
USC00045151,1951,7,23,,,0.0,,
USC00045151,1951,7,24,,,0.0,,
USC00045151,1951,7,25,,,0.0,,
USC00045151,1951,7,26,,,0.0,,
USC00045151,1951,7,27,,,0.0,,
USC00045151,1951,7,28,,,0.0,,
USC00045151,1951,7,29,,,0.0,,
USC00045151,1951,7,3,,,0.0,,
USC00045151,1951,7,30,,,0.0,,
USC00045151,1951,7,31,,,0.0,,
USC00045151,1951,7,4,,,0.0,,
USC00045151,1951,7,5,,,0.0,,
USC00045151,1951,7,6,,,0.0,,
USC00045151,1951,7,7,,,0.0,,
USC00045151,1951,7,8,,,0.0,,
USC00045151,1951,7,9,,,0.0,,
USC00045151,1951,8,1,,,0.0,,
USC00045151,1951,8,10,,,0.0,,
USC00045151,1951,8,11,,,0.0,,
USC00045151,1951,8,12,,,0.0,,
USC00045151,1951,8,13,,,0.0,,
USC00045151,1951,8,14,,,0.0,,
USC00045151,1951,8,15,,,0.0,,
USC00045151,1951,8,16,,,0.0,,
USC00045151,1951,8,17,,,0.0,,
USC00045151,1951,8,18,,,0.0,,
USC00045151,1951,8,19,,,0.0,,
USC00045151,1951,8,2,,,0.0,,
USC00045151,1951,8,20,,,0.0,,
USC00045151,1951,8,21,,,0.0,,
USC00045151,1951,8,22,,,0.0,,
USC00045151,1951,8,23,,,0.0,,
USC00045151,1951,8,24,,,0.0,,
USC00045151,1951,8,25,,,0.0,,
USC00045151,1951,8,26,,,0.0,,
USC00045151,1951,8,27,,,0.0,,
USC00045151,1951,8,28,,,0.0,,
USC00045151,1951,8,29,,,0.0,,
USC00045151,1951,8,3,,,0.0,,
USC00045151,1951,8,30,,,0.0,,
USC00045151,1951,8,31,,,0.0,,
USC00045151,1951,8,4,,,0.0,,
USC00045151,1951,8,5,,,0.0,,
USC00045151,1951,8,6,,,0.0,,
USC00045151,1951,8,7,,,0.0,,
USC00045151,1951,8,8,,,0.0,,
USC00045151,1951,8,9,,,0.0,,
USC00045151,1951,9,1,,,0.0,,
USC00045151,1951,9,10,,,0.0,,
USC00045151,1951,9,11,,,0.0,,
USC00045151,1951,9,12,,,0.0,,
USC00045151,1951,9,13,,,0.0,,
USC00045151,1951,9,14,,,0.0,,
USC00045151,1951,9,15,,,0.0,,
USC00045151,1951,9,16,,,0.0,,
USC00045151,1951,9,17,,,0.0,,
USC00045151,1951,9,18,,,0.0,,
USC00045151,1951,9,19,,,0.0,,
USC00045151,1951,9,2,,,0.0,,
USC00045151,1951,9,20,,,0.0,,
USC00045151,1951,9,21,,,0.0,,
USC00045151,1951,9,22,,,0.0,,
USC00045151,1951,9,23,,,0.0,,
USC00045151,1951,9,24,,,0.0,,
USC00045151,1951,9,25,,,0.0,,
USC00045151,1951,9,26,,,0.0,,
USC00045151,1951,9,27,,,0.0,,
USC00045151,1951,9,28,,,0.0,,
USC00045151,1951,9,29,,,0.0,,
USC00045151,1951,9,3,,,0.0,,
USC00045151,1951,9,30,,,0.0,,
USC00045151,1951,9,31,,,-9999.0,,
USC00045151,1951,9,4,,,0.0,,
USC00045151,1951,9,5,,,0.0,,
USC00045151,1951,9,6,,,0.0,,
USC00045151,1951,9,7,,,0.0,,
USC00045151,1951,9,8,,,0.0,,
USC00045151,1951,9,9,,,0.0,,
USC00045151,2012,11,1,,,0.0,,
USC00045151,2012,11,10,,,0.0,,
USC00045151,2012,11,11,,,0.0,,
USC00045151,2012,11,12,,,0.0,,
USC00045151,2012,11,13,,,0.0,,
USC00045151,2012,11,14,,,0.0,,
USC00045151,2012,11,15,,,0.0,,
USC00045151,2012,11,16,,,0.0,,
USC00045151,2012,11,17,,,0.0,,
USC00045151,2012,11,18,,,0.0,,
USC00045151,2012,11,19,,,0.0,,
USC00045151,2012,11,2,,,0.0,,
USC00045151,2012,11,20,,,0.0,,
USC00045151,2012,11,21,,,0.0,,
USC00045151,2012,11,22,,,0.0,,
USC00045151,2012,11,23,,,0.0,,
USC00045151,2012,11,24,,,0.0,,
USC00045151,2012,11,25,,,0.0,,
USC00045151,2012,11,26,,,0.0,,
USC00045151,2012,11,27,,,0.0,,
USC00045151,2012,11,28,,,20.0,,
USC00045151,2012,11,29,,,5.0,,
USC00045151,2012,11,3,,,0.0,,
USC00045151,2012,11,30,,,0.0,,
USC00045151,2012,11,31,,,-9999.0,,
USC00045151,2012,11,4,,,0.0,,
USC00045151,2012,11,5,,,0.0,,
USC00045151,2012,11,6,,,0.0,,
USC00045151,2012,11,7,,,0.0,,
USC00045151,2012,11,8,,,0.0,,
USC00045151,2012,11,9,,,8.0,,
USC00045151,2013,2,1,,,0.0,,
USC00045151,2013,2,10,,,0.0,,
USC00045151,2013,2,11,,,0.0,,
USC00045151,2013,2,12,,,0.0,,
USC00045151,2013,2,13,,,0.0,,
USC00045151,2013,2,14,,,0.0,,
USC00045151,2013,2,15,,,0.0,,
USC00045151,2013,2,16,,,0.0,,
USC00045151,2013,2,17,,,18.0,,
USC00045151,2013,2,18,,,0.0,,
USC00045151,2013,2,19,,,0.0,,
USC00045151,2013,2,2,,,0.0,,
USC00045151,2013,2,20,,,0.0,,
USC00045151,2013,2,21,,,0.0,,
USC00045151,2013,2,22,,,0.0,,
USC00045151,2013,2,23,,,0.0,,
USC00045151,2013,2,24,,,0.0,,
USC00045151,2013,2,25,,,0.0,,
USC00045151,2013,2,26,,,0.0,,
USC00045151,2013,2,27,,,0.0,,
USC00045151,2013,2,28,,,0.0,,
USC00045151,2013,2,29,,,-9999.0,,
USC00045151,2013,2,3,,,0.0,,
USC00045151,2013,2,30,,,-9999.0,,
USC00045151,2013,2,31,,,-9999.0,,
USC00045151,2013,2,4,,,0.0,,
USC00045151,2013,2,5,,,0.0,,
USC00045151,2013,2,6,,,0.0,,
USC00045151,2013,2,7,,,0.0,,
USC00045151,2013,2,8,,,0.0,,
USC00045151,2013,2,9,,,13.0,,
USC00045151,2013,3,1,,,0.0,,
USC00045151,2013,3,10,,,5.0,,
USC00045151,2013,3,11,,,0.0,,
USC00045151,2013,3,12,,,0.0,,
USC00045151,2013,3,13,,,0.0,,
USC00045151,2013,3,14,,,0.0,,
USC00045151,2013,3,15,,,0.0,,
USC00045151,2013,3,16,,,0.0,,
USC00045151,2013,3,17,,,0.0,,
USC00045151,2013,3,18,,,0.0,,
USC00045151,2013,3,19,,,0.0,,
USC00045151,2013,3,2,,,0.0,,
USC00045151,2013,3,20,,,0.0,,
USC00045151,2013,3,21,,,0.0,,
USC00045151,2013,3,22,,,0.0,,
USC00045151,2013,3,23,,,0.0,,
USC00045151,2013,3,24,,,0.0,,
USC00045151,2013,3,25,,,0.0,,
USC00045151,2013,3,26,,,0.0,,
USC00045151,2013,3,27,,,0.0,,
USC00045151,2013,3,28,,,0.0,,
USC00045151,2013,3,29,,,0.0,,
USC00045151,2013,3,3,,,0.0,,
USC00045151,2013,3,30,,,0.0,,
USC00045151,2013,3,31,,,18.0,,
USC00045151,2013,3,4,,,0.0,,
USC00045151,2013,3,5,,,0.0,,
USC00045151,2013,3,6,,,0.0,,
USC00045151,2013,3,7,,,0.0,,
USC00045151,2013,3,8,,,135.0,,
USC00045151,2013,3,9,,,25.0,,
USC00045151,2013,5,1,,,0.0,,
USC00045151,2013,5,10,,,0.0,,
USC00045151,2013,5,11,,,0.0,,
USC00045151,2013,5,12,,,0.0,,
USC00045151,2013,5,13,,,0.0,,
USC00045151,2013,5,14,,,0.0,,
USC00045151,2013,5,15,,,0.0,,
USC00045151,2013,5,16,,,0.0,,
USC00045151,2013,5,17,,,0.0,,
USC00045151,2013,5,18,,,0.0,,
USC00045151,2013,5,19,,,0.0,,
USC00045151,2013,5,2,,,0.0,,
USC00045151,2013,5,20,,,0.0,,
USC00045151,2013,5,21,,,0.0,,
USC00045151,2013,5,22,,,0.0,,
USC00045151,2013,5,23,,,0.0,,
USC00045151,2013,5,24,,,0.0,,
USC00045151,2013,5,25,,,0.0,,
USC00045151,2013,5,26,,,0.0,,
USC00045151,2013,5,27,,,0.0,,
USC00045151,2013,5,28,,,0.0,,
USC00045151,2013,5,29,,,0.0,,
USC00045151,2013,5,3,,,0.0,,
USC00045151,2013,5,30,,,0.0,,
USC00045151,2013,5,31,,,0.0,,
USC00045151,2013,5,4,,,20.0,,
USC00045151,2013,5,5,,,0.0,,
USC00045151,2013,5,6,,,0.0,,
USC00045151,2013,5,7,,,0.0,,
USC00045151,2013,5,8,,,0.0,,
USC00045151,2013,5,9,,,0.0,,
USC00045151,2013,6,1,,,0.0,,
USC00045151,2013,6,10,,,0.0,,
USC00045151,2013,6,11,,,0.0,,
USC00045151,2013,6,12,,,0.0,,
USC00045151,2013,6,13,,,0.0,,
USC00045151,2013,6,14,,,0.0,,
USC00045151,2013,6,15,,,0.0,,
USC00045151,2013,6,16,,,0.0,,
USC00045151,2013,6,17,,,0.0,,
USC00045151,2013,6,18,,,0.0,,
USC00045151,2013,6,19,,,0.0,,
USC00045151,2013,6,2,,,0.0,,
USC00045151,2013,6,20,,,0.0,,
USC00045151,2013,6,21,,,0.0,,
USC00045151,2013,6,22,,,0.0,,
USC00045151,2013,6,23,,,0.0,,
USC00045151,2013,6,24,,,0.0,,
USC00045151,2013,6,25,,,0.0,,
USC00045151,2013,6,26,,,0.0,,
USC00045151,2013,6,27,,,0.0,,
USC00045151,2013,6,28,,,0.0,,
USC00045151,2013,6,29,,,0.0,,
USC00045151,2013,6,3,,,0.0,,
USC00045151,2013,6,30,,,0.0,,
USC00045151,2013,6,31,,,-9999.0,,
USC00045151,2013,6,4,,,0.0,,
USC00045151,2013,6,5,,,0.0,,
USC00045151,2013,6,6,,,0.0,,
USC00045151,2013,6,7,,,0.0,,
USC00045151,2013,6,8,,,0.0,,
USC00045151,2013,6,9,,,0.0,,
USC00045151,2013,11,1,,,0.0,,
USC00045151,2013,11,10,,,0.0,,
USC00045151,2013,11,11,,,0.0,,
USC00045151,2013,11,12,,,0.0,,
USC00045151,2013,11,13,,,0.0,,
USC00045151,2013,11,14,,,0.0,,
USC00045151,2013,11,15,,,0.0,,
USC00045151,2013,11,16,,,0.0,,
USC00045151,2013,11,17,,,0.0,,
USC00045151,2013,11,18,,,0.0,,
USC00045151,2013,11,19,,,0.0,,
USC00045151,2013,11,2,,,0.0,,
USC00045151,2013,11,20,,,0.0,,
USC00045151,2013,11,21,,,15.0,,
USC00045151,2013,11,22,,,0.0,,
USC00045151,2013,11,23,,,0.0,,
USC00045151,2013,11,24,,,0.0,,
USC00045151,2013,11,25,,,0.0,,
USC00045151,2013,11,26,,,0.0,,
USC00045151,2013,11,27,,,0.0,,
USC00045151,2013,11,28,,,0.0,,
USC00045151,2013,11,29,,,0.0,,
USC00045151,2013,11,3,,,0.0,,
USC00045151,2013,11,30,,,0.0,,
USC00045151,2013,11,31,,,-9999.0,,
USC00045151,2013,11,4,,,0.0,,
USC00045151,2013,11,5,,,0.0,,
USC00045151,2013,11,6,,,0.0,,
USC00045151,2013,11,7,,,0.0,,
USC00045151,2013,11,8,,,0.0,,
USC00045151,2013,11,9,,,0.0,,
USC00045151,2013,12,1,,,0.0,,
USC00045151,2013,12,10,,,0.0,,
USC00045151,2013,12,11,,,0.0,,
USC00045151,2013,12,12,,,0.0,,
USC00045151,2013,12,13,,,0.0,,
USC00045151,2013,12,14,,,0.0,,
USC00045151,2013,12,15,,,0.0,,
USC00045151,2013,12,16,,,0.0,,
USC00045151,2013,12,17,,,0.0,,
USC00045151,2013,12,18,,,0.0,,
USC00045151,2013,12,19,,,0.0,,
USC00045151,2013,12,2,,,0.0,,
USC00045151,2013,12,20,,,0.0,,
USC00045151,2013,12,21,,,0.0,,
USC00045151,2013,12,22,,,0.0,,
USC00045151,2013,12,23,,,0.0,,
USC00045151,2013,12,24,,,0.0,,
USC00045151,2013,12,25,,,0.0,,
USC00045151,2013,12,26,,,0.0,,
USC00045151,2013,12,27,,,0.0,,
USC00045151,2013,12,28,,,0.0,,
USC00045151,2013,12,29,,,0.0,,
USC00045151,2013,12,3,,,0.0,,
USC00045151,2013,12,30,,,0.0,,
USC00045151,2013,12,31,,,0.0,,
USC00045151,2013,12,4,,,0.0,,
USC00045151,2013,12,5,,,0.0,,
USC00045151,2013,12,6,,,0.0,,
USC00045151,2013,12,7,,,0.0,,
USC00045151,2013,12,8,,,30.0,,
USC00045151,2013,12,9,,,0.0,,
USC00045151,2014,2,1,,,0.0,,
USC00045151,2014,2,10,,,0.0,,
USC00045151,2014,2,11,,,0.0,,
USC00045151,2014,2,12,,,0.0,,
USC00045151,2014,2,13,,,0.0,,
USC00045151,2014,2,14,,,0.0,,
USC00045151,2014,2,15,,,0.0,,
USC00045151,2014,2,16,,,0.0,,
USC00045151,2014,2,17,,,0.0,,
USC00045151,2014,2,18,,,0.0,,
USC00045151,2014,2,19,,,0.0,,
USC00045151,2014,2,2,,,0.0,,
USC00045151,2014,2,20,,,0.0,,
USC00045151,2014,2,21,,,0.0,,
USC00045151,2014,2,22,,,0.0,,
USC00045151,2014,2,23,,,0.0,,
USC00045151,2014,2,24,,,0.0,,
USC00045151,2014,2,25,,,0.0,,
USC00045151,2014,2,26,,,0.0,,
USC00045151,2014,2,27,,,51.0,,
USC00045151,2014,2,28,,,89.0,,
USC00045151,2014,2,29,,,-9999.0,,
USC00045151,2014,2,3,,,30.0,,
USC00045151,2014,2,30,,,-9999.0,,
USC00045151,2014,2,31,,,-9999.0,,
USC00045151,2014,2,4,,,0.0,,
USC00045151,2014,2,5,,,0.0,,
USC00045151,2014,2,6,,,38.0,,
USC00045151,2014,2,7,,,0.0,,
USC00045151,2014,2,8,,,0.0,,
USC00045151,2014,2,9,,,0.0,,
USC00045151,2014,3,1,,,20.0,,
USC00045151,2014,3,10,,,0.0,,
USC00045151,2014,3,11,,,0.0,,
USC00045151,2014,3,12,,,0.0,,
USC00045151,2014,3,13,,,0.0,,
USC00045151,2014,3,14,,,0.0,,
USC00045151,2014,3,15,,,0.0,,
USC00045151,2014,3,16,,,0.0,,
USC00045151,2014,3,17,,,0.0,,
USC00045151,2014,3,18,,,0.0,,
USC00045151,2014,3,19,,,0.0,,
USC00045151,2014,3,2,,,0.0,,
USC00045151,2014,3,20,,,0.0,,
USC00045151,2014,3,21,,,0.0,,
USC00045151,2014,3,22,,,0.0,,
USC00045151,2014,3,23,,,0.0,,
USC00045151,2014,3,24,,,0.0,,
USC00045151,2014,3,25,,,0.0,,
USC00045151,2014,3,26,,,0.0,,
USC00045151,2014,3,27,,,0.0,,
USC00045151,2014,3,28,,,0.0,,
USC00045151,2014,3,29,,,0.0,,
USC00045151,2014,3,3,,,0.0,,
USC00045151,2014,3,30,,,173.0,,
USC00045151,2014,3,31,,,0.0,,
USC00045151,2014,3,4,,,0.0,,
USC00045151,2014,3,5,,,0.0,,
USC00045151,2014,3,6,,,0.0,,
USC00045151,2014,3,7,,,0.0,,
USC00045151,2014,3,8,,,0.0,,
USC00045151,2014,3,9,,,0.0,,
USC00045151,2014,4,1,,,25.0,,
USC00045151,2014,4,10,,,0.0,,
USC00045151,2014,4,11,,,0.0,,
USC00045151,2014,4,12,,,0.0,,
USC00045151,2014,4,13,,,0.0,,
USC00045151,2014,4,14,,,0.0,,
USC00045151,2014,4,15,,,0.0,,
USC00045151,2014,4,16,,,0.0,,
USC00045151,2014,4,17,,,0.0,,
USC00045151,2014,4,18,,,0.0,,
USC00045151,2014,4,19,,,0.0,,
USC00045151,2014,4,2,,,0.0,,
USC00045151,2014,4,20,,,0.0,,
USC00045151,2014,4,21,,,0.0,,
USC00045151,2014,4,22,,,0.0,,
USC00045151,2014,4,23,,,0.0,,
USC00045151,2014,4,24,,,0.0,,
USC00045151,2014,4,25,,,0.0,,
USC00045151,2014,4,26,,,13.0,,
USC00045151,2014,4,27,,,0.0,,
USC00045151,2014,4,28,,,0.0,,
USC00045151,2014,4,29,,,0.0,,
USC00045151,2014,4,3,,,0.0,,
USC00045151,2014,4,30,,,0.0,,
USC00045151,2014,4,31,,,-9999.0,,
USC00045151,2014,4,4,,,56.0,,
USC00045151,2014,4,5,,,0.0,,
USC00045151,2014,4,6,,,0.0,,
USC00045151,2014,4,7,,,0.0,,
USC00045151,2014,4,8,,,0.0,,
USC00045151,2014,4,9,,,0.0,,
USC00045151,2014,5,1,,,0.0,,
USC00045151,2014,5,10,,,0.0,,
USC00045151,2014,5,11,,,0.0,,
USC00045151,2014,5,12,,,0.0,,
USC00045151,2014,5,13,,,0.0,,
USC00045151,2014,5,14,,,0.0,,
USC00045151,2014,5,15,,,0.0,,
USC00045151,2014,5,16,,,0.0,,
USC00045151,2014,5,17,,,0.0,,
USC00045151,2014,5,18,,,0.0,,
USC00045151,2014,5,19,,,0.0,,
USC00045151,2014,5,2,,,0.0,,
USC00045151,2014,5,20,,,0.0,,
USC00045151,2014,5,21,,,0.0,,
USC00045151,2014,5,22,,,0.0,,
USC00045151,2014,5,23,,,0.0,,
USC00045151,2014,5,24,,,0.0,,
USC00045151,2014,5,25,,,0.0,,
USC00045151,2014,5,26,,,0.0,,
USC00045151,2014,5,27,,,0.0,,
USC00045151,2014,5,28,,,0.0,,
USC00045151,2014,5,29,,,0.0,,
USC00045151,2014,5,3,,,0.0,,
USC00045151,2014,5,30,,,0.0,,
USC00045151,2014,5,31,,,0.0,,
USC00045151,2014,5,4,,,0.0,,
USC00045151,2014,5,5,,,0.0,,
USC00045151,2014,5,6,,,5.0,,
USC00045151,2014,5,7,,,0.0,,
USC00045151,2014,5,8,,,0.0,,
USC00045151,2014,5,9,,,0.0,,
USC00045151,2014,6,1,,,0.0,,
USC00045151,2014,6,10,,,0.0,,
USC00045151,2014,6,11,,,0.0,,
USC00045151,2014,6,12,,,0.0,,
USC00045151,2014,6,13,,,0.0,,
USC00045151,2014,6,14,,,0.0,,
USC00045151,2014,6,15,,,0.0,,
USC00045151,2014,6,16,,,0.0,,
USC00045151,2014,6,17,,,0.0,,
USC00045151,2014,6,18,,,0.0,,
USC00045151,2014,6,19,,,0.0,,
USC00045151,2014,6,2,,,0.0,,
USC00045151,2014,6,20,,,0.0,,
USC00045151,2014,6,21,,,0.0,,
USC00045151,2014,6,22,,,0.0,,
USC00045151,2014,6,23,,,0.0,,
USC00045151,2014,6,24,,,0.0,,
USC00045151,2014,6,25,,,0.0,,
USC00045151,2014,6,26,,,0.0,,
USC00045151,2014,6,27,,,0.0,,
USC00045151,2014,6,28,,,0.0,,
USC00045151,2014,6,29,,,0.0,,
USC00045151,2014,6,3,,,0.0,,
USC00045151,2014,6,30,,,0.0,,
USC00045151,2014,6,31,,,-9999.0,,
USC00045151,2014,6,4,,,0.0,,
USC00045151,2014,6,5,,,0.0,,
USC00045151,2014,6,6,,,0.0,,
USC00045151,2014,6,7,,,0.0,,
USC00045151,2014,6,8,,,0.0,,
USC00045151,2014,6,9,,,0.0,,
USC00045151,2014,7,1,,,0.0,,
USC00045151,2014,7,10,,,0.0,,
USC00045151,2014,7,11,,,0.0,,
USC00045151,2014,7,12,,,0.0,,
USC00045151,2014,7,13,,,0.0,,
USC00045151,2014,7,14,,,0.0,,
USC00045151,2014,7,15,,,0.0,,
USC00045151,2014,7,16,,,0.0,,
USC00045151,2014,7,17,,,0.0,,
USC00045151,2014,7,18,,,0.0,,
USC00045151,2014,7,19,,,0.0,,
USC00045151,2014,7,2,,,0.0,,
USC00045151,2014,7,20,,,0.0,,
USC00045151,2014,7,21,,,0.0,,
USC00045151,2014,7,22,,,0.0,,
USC00045151,2014,7,23,,,0.0,,
USC00045151,2014,7,24,,,0.0,,
USC00045151,2014,7,25,,,0.0,,
USC00045151,2014,7,26,,,0.0,,
USC00045151,2014,7,27,,,0.0,,
USC00045151,2014,7,28,,,0.0,,
USC00045151,2014,7,29,,,0.0,,
USC00045151,2014,7,3,,,0.0,,
USC00045151,2014,7,30,,,0.0,,
USC00045151,2014,7,31,,,0.0,,
USC00045151,2014,7,4,,,0.0,,
USC00045151,2014,7,5,,,0.0,,
USC00045151,2014,7,6,,,0.0,,
USC00045151,2014,7,7,,,0.0,,
USC00045151,2014,7,8,,,0.0,,
USC00045151,2014,7,9,,,0.0,,
USC00045151,2014,8,1,,,0.0,,
USC00045151,2014,8,10,,,0.0,,
USC00045151,2014,8,11,,,0.0,,
USC00045151,2014,8,12,,,0.0,,
USC00045151,2014,8,13,,,0.0,,
USC00045151,2014,8,14,,,0.0,,
USC00045151,2014,8,15,,,0.0,,
USC00045151,2014,8,16,,,0.0,,
USC00045151,2014,8,17,,,0.0,,
USC00045151,2014,8,18,,,0.0,,
USC00045151,2014,8,19,,,0.0,,
USC00045151,2014,8,2,,,0.0,,
USC00045151,2014,8,20,,,0.0,,
USC00045151,2014,8,21,,,0.0,,
USC00045151,2014,8,22,,,0.0,,
USC00045151,2014,8,23,,,0.0,,
USC00045151,2014,8,24,,,0.0,,
USC00045151,2014,8,25,,,0.0,,
USC00045151,2014,8,26,,,0.0,,
USC00045151,2014,8,27,,,0.0,,
USC00045151,2014,8,28,,,0.0,,
USC00045151,2014,8,29,,,0.0,,
USC00045151,2014,8,3,,,0.0,,
USC00045151,2014,8,30,,,0.0,,
USC00045151,2014,8,31,,,0.0,,
USC00045151,2014,8,4,,,0.0,,
USC00045151,2014,8,5,,,0.0,,
USC00045151,2014,8,6,,,0.0,,
USC00045151,2014,8,7,,,0.0,,
USC00045151,2014,8,8,,,0.0,,
USC00045151,2014,8,9,,,0.0,,
USC00045151,2014,12,1,,,0.0,,
USC00045151,2014,12,10,,,0.0,,
USC00045151,2014,12,11,,,140.0,,
USC00045151,2014,12,12,,,64.0,,
USC00045151,2014,12,13,,,0.0,,
USC00045151,2014,12,14,,,0.0,,
USC00045151,2014,12,15,,,0.0,,
USC00045151,2014,12,16,,,0.0,,
USC00045151,2014,12,17,,,13.0,,
USC00045151,2014,12,18,,,46.0,,
USC00045151,2014,12,19,,,0.0,,
USC00045151,2014,12,2,,,64.0,,
USC00045151,2014,12,20,,,0.0,,
USC00045151,2014,12,21,,,0.0,,
USC00045151,2014,12,22,,,0.0,,
USC00045151,2014,12,23,,,0.0,,
USC00045151,2014,12,24,,,0.0,,
USC00045151,2014,12,25,,,0.0,,
USC00045151,2014,12,26,,,0.0,,
USC00045151,2014,12,27,,,0.0,,
USC00045151,2014,12,28,,,0.0,,
USC00045151,2014,12,29,,,0.0,,
USC00045151,2014,12,3,,,25.0,,
USC00045151,2014,12,30,,,0.0,,
USC00045151,2014,12,31,,,0.0,,
USC00045151,2014,12,4,,,0.0,,
USC00045151,2014,12,5,,,0.0,,
USC00045151,2014,12,6,,,0.0,,
USC00045151,2014,12,7,,,0.0,,
USC00045151,2014,12,8,,,0.0,,
USC00045151,2014,12,9,,,0.0,,
USC00045151,2015,1,1,,,0.0,,
USC00045151,2015,1,10,,,25.0,,
USC00045151,2015,1,11,,,0.0,,
USC00045151,2015,1,12,,,0.0,,
USC00045151,2015,1,13,,,0.0,,
USC00045151,2015,1,14,,,0.0,,
USC00045151,2015,1,15,,,0.0,,
USC00045151,2015,1,16,,,0.0,,
USC00045151,2015,1,17,,,0.0,,
USC00045151,2015,1,18,,,0.0,,
USC00045151,2015,1,19,,,0.0,,
USC00045151,2015,1,2,,,0.0,,
USC00045151,2015,1,20,,,0.0,,
USC00045151,2015,1,21,,,0.0,,
USC00045151,2015,1,22,,,0.0,,
USC00045151,2015,1,23,,,0.0,,
USC00045151,2015,1,24,,,0.0,,
USC00045151,2015,1,25,,,0.0,,
USC00045151,2015,1,26,,,0.0,,
USC00045151,2015,1,27,,,0.0,,
USC00045151,2015,1,28,,,0.0,,
USC00045151,2015,1,29,,,0.0,,
USC00045151,2015,1,3,,,0.0,,
USC00045151,2015,1,30,,,0.0,,
USC00045151,2015,1,31,,,0.0,,
USC00045151,2015,1,4,,,0.0,,
USC00045151,2015,1,5,,,0.0,,
USC00045151,2015,1,6,,,0.0,,
USC00045151,2015,1,7,,,0.0,,
USC00045151,2015,1,8,,,0.0,,
USC00045151,2015,1,9,,,0.0,,
USC00045151,2015,2,1,,,0.0,,
USC00045151,2015,2,10,,,0.0,,
USC00045151,2015,2,11,,,0.0,,
USC00045151,2015,2,12,,,0.0,,
USC00045151,2015,2,13,,,0.0,,
USC00045151,2015,2,14,,,0.0,,
USC00045151,2015,2,15,,,0.0,,
USC00045151,2015,2,16,,,0.0,,
USC00045151,2015,2,17,,,0.0,,
USC00045151,2015,2,18,,,0.0,,
USC00045151,2015,2,19,,,0.0,,
USC00045151,2015,2,2,,,0.0,,
USC00045151,2015,2,20,,,0.0,,
USC00045151,2015,2,21,,,0.0,,
USC00045151,2015,2,22,,,0.0,,
USC00045151,2015,2,23,,,0.0,,
USC00045151,2015,2,24,,,0.0,,
USC00045151,2015,2,25,,,0.0,,
USC00045151,2015,2,26,,,0.0,,
USC00045151,2015,2,27,,,0.0,,
USC00045151,2015,2,28,,,0.0,,
USC00045151,2015,2,29,,,-9999.0,,
USC00045151,2015,2,3,,,0.0,,
USC00045151,2015,2,30,,,-9999.0,,
USC00045151,2015,2,31,,,-9999.0,,
USC00045151,2015,2,4,,,0.0,,
USC00045151,2015,2,5,,,0.0,,
USC00045151,2015,2,6,,,0.0,,
USC00045151,2015,2,7,,,0.0,,
USC00045151,2015,2,8,,,0.0,,
USC00045151,2015,2,9,,,0.0,,
USC00045151,2015,10,1,,,0.0,,
USC00045151,2015,10,10,,,0.0,,
USC00045151,2015,10,11,,,0.0,,
USC00045151,2015,10,12,,,0.0,,
USC00045151,2015,10,13,,,0.0,,
USC00045151,2015,10,14,,,152.0,,
USC00045151,2015,10,15,,,0.0,,
USC00045151,2015,10,16,,,0.0,,
USC00045151,2015,10,17,,,0.0,,
USC00045151,2015,10,18,,,0.0,,
USC00045151,2015,10,19,,,0.0,,
USC00045151,2015,10,2,,,0.0,,
USC00045151,2015,10,20,,,0.0,,
USC00045151,2015,10,21,,,0.0,,
USC00045151,2015,10,22,,,0.0,,
USC00045151,2015,10,23,,,0.0,,
USC00045151,2015,10,24,,,0.0,,
USC00045151,2015,10,25,,,0.0,,
USC00045151,2015,10,26,,,0.0,,
USC00045151,2015,10,27,,,0.0,,
USC00045151,2015,10,28,,,0.0,,
USC00045151,2015,10,29,,,0.0,,
USC00045151,2015,10,3,,,0.0,,
USC00045151,2015,10,30,,,0.0,,
USC00045151,2015,10,31,,,0.0,,
USC00045151,2015,10,4,,,0.0,,
USC00045151,2015,10,5,,,0.0,,
USC00045151,2015,10,6,,,0.0,,
USC00045151,2015,10,7,,,0.0,,
USC00045151,2015,10,8,,,0.0,,
USC00045151,2015,10,9,,,0.0,,
USC00045151,2015,11,1,,,0.0,,
USC00045151,2015,11,10,,,0.0,,
USC00045151,2015,11,11,,,0.0,,
USC00045151,2015,11,12,,,0.0,,
USC00045151,2015,11,13,,,0.0,,
USC00045151,2015,11,14,,,0.0,,
USC00045151,2015,11,15,,,0.0,,
USC00045151,2015,11,16,,,25.0,,
USC00045151,2015,11,17,,,0.0,,
USC00045151,2015,11,18,,,0.0,,
USC00045151,2015,11,19,,,0.0,,
USC00045151,2015,11,2,,,76.0,,
USC00045151,2015,11,20,,,0.0,,
USC00045151,2015,11,21,,,0.0,,
USC00045151,2015,11,22,,,0.0,,
USC00045151,2015,11,23,,,0.0,,
USC00045151,2015,11,24,,,0.0,,
USC00045151,2015,11,25,,,18.0,,
USC00045151,2015,11,26,,,0.0,,
USC00045151,2015,11,27,,,0.0,,
USC00045151,2015,11,28,,,0.0,,
USC00045151,2015,11,29,,,0.0,,
USC00045151,2015,11,3,,,0.0,,
USC00045151,2015,11,30,,,0.0,,
USC00045151,2015,11,31,,,-9999.0,,
USC00045151,2015,11,4,,,0.0,,
USC00045151,2015,11,5,,,0.0,,
USC00045151,2015,11,6,,,0.0,,
USC00045151,2015,11,7,,,0.0,,
USC00045151,2015,11,8,,,0.0,,
USC00045151,2015,11,9,,,33.0,,
USC00045151,2015,12,1,,,0.0,,
USC00045151,2015,12,10,,,0.0,,
USC00045151,2015,12,11,,,13.0,,
USC00045151,2015,12,12,,,0.0,,
USC00045151,2015,12,13,,,0.0,,
USC00045151,2015,12,14,,,25.0,,
USC00045151,2015,12,15,,,0.0,,
USC00045151,2015,12,16,,,0.0,,
USC00045151,2015,12,17,,,0.0,,
USC00045151,2015,12,18,,,0.0,,
USC00045151,2015,12,19,,,0.0,,
USC00045151,2015,12,2,,,0.0,,
USC00045151,2015,12,20,,,132.0,,
USC00045151,2015,12,21,,,0.0,,
USC00045151,2015,12,22,,,3.0,,
USC00045151,2015,12,23,,,0.0,,
USC00045151,2015,12,24,,,8.0,,
USC00045151,2015,12,25,,,0.0,,
USC00045151,2015,12,26,,,0.0,,
USC00045151,2015,12,27,,,0.0,,
USC00045151,2015,12,28,,,0.0,,
USC00045151,2015,12,29,,,0.0,,
USC00045151,2015,12,3,,,0.0,,
USC00045151,2015,12,30,,,0.0,,
USC00045151,2015,12,31,,,0.0,,
USC00045151,2015,12,4,,,0.0,,
USC00045151,2015,12,5,,,0.0,,
USC00045151,2015,12,6,,,0.0,,
USC00045151,2015,12,7,,,0.0,,
USC00045151,2015,12,8,,,0.0,,
USC00045151,2015,12,9,,,0.0,,
USC00045151,2016,1,1,,,0.0,,
USC00045151,2016,1,10,,,0.0,,
USC00045151,2016,1,11,,,0.0,,
USC00045151,2016,1,12,,,0.0,,
USC00045151,2016,1,13,,,0.0,,
USC00045151,2016,1,14,,,0.0,,
USC00045151,2016,1,15,,,0.0,,
USC00045151,2016,1,16,,,13.0,,
USC00045151,2016,1,17,,,0.0,,
USC00045151,2016,1,18,,,8.0,,
USC00045151,2016,1,19,,,0.0,,
USC00045151,2016,1,2,,,0.0,,
USC00045151,2016,1,20,,,71.0,,
USC00045151,2016,1,21,,,0.0,,
USC00045151,2016,1,22,,,56.0,,
USC00045151,2016,1,23,,,0.0,,
USC00045151,2016,1,24,,,0.0,,
USC00045151,2016,1,25,,,0.0,,
USC00045151,2016,1,26,,,0.0,,
USC00045151,2016,1,27,,,0.0,,
USC00045151,2016,1,28,,,0.0,,
USC00045151,2016,1,29,,,0.0,,
USC00045151,2016,1,3,,,0.0,,
USC00045151,2016,1,30,,,91.0,,
USC00045151,2016,1,31,,,208.0,,
USC00045151,2016,1,4,,,0.0,,
USC00045151,2016,1,5,,,0.0,,
USC00045151,2016,1,6,,,25.0,,
USC00045151,2016,1,7,,,114.0,,
USC00045151,2016,1,8,,,0.0,,
USC00045151,2016,1,9,,,0.0,,
USC00045151,2016,2,1,,,0.0,,
USC00045151,2016,2,10,,,0.0,,
USC00045151,2016,2,11,,,0.0,,
USC00045151,2016,2,12,,,0.0,,
USC00045151,2016,2,13,,,0.0,,
USC00045151,2016,2,14,,,0.0,,
USC00045151,2016,2,15,,,0.0,,
USC00045151,2016,2,16,,,0.0,,
USC00045151,2016,2,17,,,8.0,,
USC00045151,2016,2,18,,,0.0,,
USC00045151,2016,2,19,,,0.0,,
USC00045151,2016,2,2,,,0.0,,
USC00045151,2016,2,20,,,0.0,,
USC00045151,2016,2,21,,,0.0,,
USC00045151,2016,2,22,,,0.0,,
USC00045151,2016,2,23,,,0.0,,
USC00045151,2016,2,24,,,0.0,,
USC00045151,2016,2,25,,,0.0,,
USC00045151,2016,2,26,,,0.0,,
USC00045151,2016,2,27,,,0.0,,
USC00045151,2016,2,28,,,0.0,,
USC00045151,2016,2,29,,,0.0,,
USC00045151,2016,2,3,,,0.0,,
USC00045151,2016,2,30,,,-9999.0,,
USC00045151,2016,2,31,,,-9999.0,,
USC00045151,2016,2,4,,,0.0,,
USC00045151,2016,2,5,,,0.0,,
USC00045151,2016,2,6,,,0.0,,
USC00045151,2016,2,7,,,0.0,,
USC00045151,2016,2,8,,,0.0,,
USC00045151,2016,2,9,,,0.0,,
USC00045151,2016,3,1,,,0.0,,
USC00045151,2016,3,10,,,0.0,,
USC00045151,2016,3,11,,,43.0,,
USC00045151,2016,3,12,,,0.0,,
USC00045151,2016,3,13,,,0.0,,
USC00045151,2016,3,14,,,0.0,,
USC00045151,2016,3,15,,,0.0,,
USC00045151,2016,3,16,,,0.0,,
USC00045151,2016,3,17,,,0.0,,
USC00045151,2016,3,18,,,0.0,,
USC00045151,2016,3,19,,,0.0,,
USC00045151,2016,3,2,,,0.0,,
USC00045151,2016,3,20,,,0.0,,
USC00045151,2016,3,21,,,0.0,,
USC00045151,2016,3,22,,,0.0,,
USC00045151,2016,3,23,,,0.0,,
USC00045151,2016,3,24,,,0.0,,
USC00045151,2016,3,25,,,0.0,,
USC00045151,2016,3,26,,,0.0,,
USC00045151,2016,3,27,,,0.0,,
USC00045151,2016,3,28,,,0.0,,
USC00045151,2016,3,29,,,0.0,,
USC00045151,2016,3,3,,,0.0,,
USC00045151,2016,3,30,,,0.0,,
USC00045151,2016,3,31,,,0.0,,
USC00045151,2016,3,4,,,0.0,,
USC00045151,2016,3,5,,,0.0,,
USC00045151,2016,3,6,,,51.0,,
USC00045151,2016,3,7,,,25.0,,
USC00045151,2016,3,8,,,0.0,,
USC00045151,2016,3,9,,,0.0,,
USC00045151,2016,4,1,,,0.0,,
USC00045151,2016,4,10,,,0.0,,
USC00045151,2016,4,11,,,0.0,,
USC00045151,2016,4,12,,,0.0,,
USC00045151,2016,4,13,,,0.0,,
USC00045151,2016,4,14,,,0.0,,
USC00045151,2016,4,15,,,0.0,,
USC00045151,2016,4,16,,,0.0,,
USC00045151,2016,4,17,,,0.0,,
USC00045151,2016,4,18,,,0.0,,
USC00045151,2016,4,19,,,0.0,,
USC00045151,2016,4,2,,,0.0,,
USC00045151,2016,4,20,,,0.0,,
USC00045151,2016,4,21,,,0.0,,
USC00045151,2016,4,22,,,0.0,,
USC00045151,2016,4,23,,,0.0,,
USC00045151,2016,4,24,,,0.0,,
USC00045151,2016,4,25,,,0.0,,
USC00045151,2016,4,26,,,0.0,,
USC00045151,2016,4,27,,,0.0,,
USC00045151,2016,4,28,,,0.0,,
USC00045151,2016,4,29,,,0.0,,
USC00045151,2016,4,3,,,0.0,,
USC00045151,2016,4,30,,,0.0,,
USC00045151,2016,4,31,,,-9999.0,,
USC00045151,2016,4,4,,,0.0,,
USC00045151,2016,4,5,,,0.0,,
USC00045151,2016,4,6,,,0.0,,
USC00045151,2016,4,7,,,10.0,,
USC00045151,2016,4,8,,,20.0,,
USC00045151,2016,4,9,,,0.0,,
USC00045151,2016,5,1,,,0.0,,
USC00045151,2016,5,10,,,0.0,,
USC00045151,2016,5,11,,,0.0,,
USC00045151,2016,5,12,,,0.0,,
USC00045151,2016,5,13,,,0.0,,
USC00045151,2016,5,14,,,0.0,,
USC00045151,2016,5,15,,,0.0,,
USC00045151,2016,5,16,,,0.0,,
USC00045151,2016,5,17,,,0.0,,
USC00045151,2016,5,18,,,0.0,,
USC00045151,2016,5,19,,,0.0,,
USC00045151,2016,5,2,,,0.0,,
USC00045151,2016,5,20,,,0.0,,
USC00045151,2016,5,21,,,0.0,,
USC00045151,2016,5,22,,,0.0,,
USC00045151,2016,5,23,,,0.0,,
USC00045151,2016,5,24,,,0.0,,
USC00045151,2016,5,25,,,102.0,,
USC00045151,2016,5,26,,,0.0,,
USC00045151,2016,5,27,,,0.0,,
USC00045151,2016,5,28,,,0.0,,
USC00045151,2016,5,29,,,0.0,,
USC00045151,2016,5,3,,,0.0,,
USC00045151,2016,5,30,,,0.0,,
USC00045151,2016,5,31,,,0.0,,
USC00045151,2016,5,4,,,0.0,,
USC00045151,2016,5,5,,,0.0,,
USC00045151,2016,5,6,,,64.0,,
USC00045151,2016,5,7,,,5.0,,
USC00045151,2016,5,8,,,0.0,,
USC00045151,2016,5,9,,,0.0,,
USC00045151,2016,6,1,,,0.0,,
USC00045151,2016,6,10,,,0.0,,
USC00045151,2016,6,11,,,0.0,,
USC00045151,2016,6,12,,,0.0,,
USC00045151,2016,6,13,,,0.0,,
USC00045151,2016,6,14,,,0.0,,
USC00045151,2016,6,15,,,0.0,,
USC00045151,2016,6,16,,,0.0,,
USC00045151,2016,6,17,,,0.0,,
USC00045151,2016,6,18,,,0.0,,
USC00045151,2016,6,19,,,0.0,,
USC00045151,2016,6,2,,,0.0,,
USC00045151,2016,6,20,,,0.0,,
USC00045151,2016,6,21,,,0.0,,
USC00045151,2016,6,22,,,0.0,,
USC00045151,2016,6,23,,,0.0,,
USC00045151,2016,6,24,,,0.0,,
USC00045151,2016,6,25,,,0.0,,
USC00045151,2016,6,26,,,0.0,,
USC00045151,2016,6,27,,,0.0,,
USC00045151,2016,6,28,,,0.0,,
USC00045151,2016,6,29,,,0.0,,
USC00045151,2016,6,3,,,0.0,,
USC00045151,2016,6,30,,,0.0,,
USC00045151,2016,6,31,,,-9999.0,,
USC00045151,2016,6,4,,,0.0,,
USC00045151,2016,6,5,,,0.0,,
USC00045151,2016,6,6,,,0.0,,
USC00045151,2016,6,7,,,0.0,,
USC00045151,2016,6,8,,,0.0,,
USC00045151,2016,6,9,,,0.0,,
USC00045151,2016,7,1,,,0.0,,
USC00045151,2016,7,10,,,0.0,,
USC00045151,2016,7,11,,,0.0,,
USC00045151,2016,7,12,,,0.0,,
USC00045151,2016,7,13,,,0.0,,
USC00045151,2016,7,14,,,0.0,,
USC00045151,2016,7,15,,,0.0,,
USC00045151,2016,7,16,,,0.0,,
USC00045151,2016,7,17,,,0.0,,
USC00045151,2016,7,18,,,0.0,,
USC00045151,2016,7,19,,,0.0,,
USC00045151,2016,7,2,,,0.0,,
USC00045151,2016,7,20,,,0.0,,
USC00045151,2016,7,21,,,0.0,,
USC00045151,2016,7,22,,,0.0,,
USC00045151,2016,7,23,,,0.0,,
USC00045151,2016,7,24,,,0.0,,
USC00045151,2016,7,25,,,0.0,,
USC00045151,2016,7,26,,,0.0,,
USC00045151,2016,7,27,,,0.0,,
USC00045151,2016,7,28,,,0.0,,
USC00045151,2016,7,29,,,0.0,,
USC00045151,2016,7,3,,,0.0,,
USC00045151,2016,7,30,,,0.0,,
USC00045151,2016,7,31,,,0.0,,
USC00045151,2016,7,4,,,0.0,,
USC00045151,2016,7,5,,,0.0,,
USC00045151,2016,7,6,,,0.0,,
USC00045151,2016,7,7,,,0.0,,
USC00045151,2016,7,8,,,0.0,,
USC00045151,2016,7,9,,,0.0,,
USC00045151,2016,8,1,,,0.0,,
USC00045151,2016,8,10,,,0.0,,
USC00045151,2016,8,11,,,0.0,,
USC00045151,2016,8,12,,,0.0,,
USC00045151,2016,8,13,,,0.0,,
USC00045151,2016,8,14,,,0.0,,
USC00045151,2016,8,15,,,0.0,,
USC00045151,2016,8,16,,,0.0,,
USC00045151,2016,8,17,,,0.0,,
USC00045151,2016,8,18,,,0.0,,
USC00045151,2016,8,19,,,0.0,,
USC00045151,2016,8,2,,,0.0,,
USC00045151,2016,8,20,,,0.0,,
USC00045151,2016,8,21,,,0.0,,
USC00045151,2016,8,22,,,0.0,,
USC00045151,2016,8,23,,,0.0,,
USC00045151,2016,8,24,,,0.0,,
USC00045151,2016,8,25,,,0.0,,
USC00045151,2016,8,26,,,0.0,,
USC00045151,2016,8,27,,,0.0,,
USC00045151,2016,8,28,,,0.0,,
USC00045151,2016,8,29,,,0.0,,
USC00045151,2016,8,3,,,0.0,,
USC00045151,2016,8,30,,,0.0,,
USC00045151,2016,8,31,,,0.0,,
USC00045151,2016,8,4,,,0.0,,
USC00045151,2016,8,5,,,0.0,,
USC00045151,2016,8,6,,,0.0,,
USC00045151,2016,8,7,,,0.0,,
USC00045151,2016,8,8,,,0.0,,
USC00045151,2016,8,9,,,0.0,,
USC00045151,2016,9,1,,,0.0,,
USC00045151,2016,9,10,,,0.0,,
USC00045151,2016,9,11,,,0.0,,
USC00045151,2016,9,12,,,0.0,,
USC00045151,2016,9,13,,,0.0,,
USC00045151,2016,9,14,,,0.0,,
USC00045151,2016,9,15,,,0.0,,
USC00045151,2016,9,16,,,0.0,,
USC00045151,2016,9,17,,,0.0,,
USC00045151,2016,9,18,,,0.0,,
USC00045151,2016,9,19,,,0.0,,
USC00045151,2016,9,2,,,0.0,,
USC00045151,2016,9,20,,,0.0,,
USC00045151,2016,9,21,,,0.0,,
USC00045151,2016,9,22,,,0.0,,
USC00045151,2016,9,23,,,0.0,,
USC00045151,2016,9,24,,,0.0,,
USC00045151,2016,9,25,,,0.0,,
USC00045151,2016,9,26,,,0.0,,
USC00045151,2016,9,27,,,0.0,,
USC00045151,2016,9,28,,,0.0,,
USC00045151,2016,9,29,,,0.0,,
USC00045151,2016,9,3,,,0.0,,
USC00045151,2016,9,30,,,0.0,,
USC00045151,2016,9,31,,,-9999.0,,
USC00045151,2016,9,4,,,0.0,,
USC00045151,2016,9,5,,,0.0,,
USC00045151,2016,9,6,,,0.0,,
USC00045151,2016,9,7,,,0.0,,
USC00045151,2016,9,8,,,0.0,,
USC00045151,2016,9,9,,,0.0,,
USC00045151,2016,12,1,,,0.0,,
USC00045151,2016,12,10,,,0.0,,
USC00045151,2016,12,11,,,0.0,,
USC00045151,2016,12,12,,,0.0,,
USC00045151,2016,12,13,,,0.0,,
USC00045151,2016,12,14,,,0.0,,
USC00045151,2016,12,15,,,127.0,,
USC00045151,2016,12,16,,,0.0,,
USC00045151,2016,12,17,,,0.0,,
USC00045151,2016,12,18,,,0.0,,
USC00045151,2016,12,19,,,0.0,,
USC00045151,2016,12,2,,,0.0,,
USC00045151,2016,12,20,,,0.0,,
USC00045151,2016,12,21,,,0.0,,
USC00045151,2016,12,22,,,0.0,,
USC00045151,2016,12,23,,,0.0,,
USC00045151,2016,12,24,,,135.0,,
USC00045151,2016,12,25,,,0.0,,
USC00045151,2016,12,26,,,0.0,,
USC00045151,2016,12,27,,,0.0,,
USC00045151,2016,12,28,,,0.0,,
USC00045151,2016,12,29,,,0.0,,
USC00045151,2016,12,3,,,0.0,,
USC00045151,2016,12,30,,,0.0,,
USC00045151,2016,12,31,,,0.0,,
USC00045151,2016,12,4,,,0.0,,
USC00045151,2016,12,5,,,0.0,,
USC00045151,2016,12,6,,,0.0,,
USC00045151,2016,12,7,,,0.0,,
USC00045151,2016,12,8,,,0.0,,
USC00045151,2016,12,9,,,0.0,,
USC00045151,2017,1,1,,,51.0,,
USC00045151,2017,1,10,,,0.0,,
USC00045151,2017,1,11,,,0.0,,
USC00045151,2017,1,12,,,0.0,,
USC00045151,2017,1,13,,,0.0,,
USC00045151,2017,1,14,,,0.0,,
USC00045151,2017,1,15,,,0.0,,
USC00045151,2017,1,16,,,0.0,,
USC00045151,2017,1,17,,,51.0,,
USC00045151,2017,1,18,,,76.0,,
USC00045151,2017,1,19,,,127.0,,
USC00045151,2017,1,2,,,0.0,,
USC00045151,2017,1,20,,,254.0,,
USC00045151,2017,1,21,,,51.0,,
USC00045151,2017,1,22,,,0.0,,
USC00045151,2017,1,23,,,119.0,,
USC00045151,2017,1,24,,,0.0,,
USC00045151,2017,1,25,,,0.0,,
USC00045151,2017,1,26,,,0.0,,
USC00045151,2017,1,27,,,0.0,,
USC00045151,2017,1,28,,,0.0,,
USC00045151,2017,1,29,,,0.0,,
USC00045151,2017,1,3,,,0.0,,
USC00045151,2017,1,30,,,0.0,,
USC00045151,2017,1,31,,,0.0,,
USC00045151,2017,1,4,,,48.0,,
USC00045151,2017,1,5,,,43.0,,
USC00045151,2017,1,6,,,0.0,,
USC00045151,2017,1,7,,,38.0,,
USC00045151,2017,1,8,,,0.0,,
USC00045151,2017,1,9,,,0.0,,
USC00045151,2017,5,1,,,0.0,,
USC00045151,2017,5,10,,,0.0,,
USC00045151,2017,5,11,,,0.0,,
USC00045151,2017,5,12,,,0.0,,
USC00045151,2017,5,13,,,0.0,,
USC00045151,2017,5,14,,,0.0,,
USC00045151,2017,5,15,,,0.0,,
USC00045151,2017,5,16,,,0.0,,
USC00045151,2017,5,17,,,0.0,,
USC00045151,2017,5,18,,,0.0,,
USC00045151,2017,5,19,,,0.0,,
USC00045151,2017,5,2,,,0.0,,
USC00045151,2017,5,20,,,0.0,,
USC00045151,2017,5,21,,,0.0,,
USC00045151,2017,5,22,,,0.0,,
USC00045151,2017,5,23,,,0.0,,
USC00045151,2017,5,24,,,0.0,,
USC00045151,2017,5,25,,,0.0,,
USC00045151,2017,5,26,,,0.0,,
USC00045151,2017,5,27,,,0.0,,
USC00045151,2017,5,28,,,0.0,,
USC00045151,2017,5,29,,,0.0,,
USC00045151,2017,5,3,,,0.0,,
USC00045151,2017,5,30,,,0.0,,
USC00045151,2017,5,31,,,0.0,,
USC00045151,2017,5,4,,,0.0,,
USC00045151,2017,5,5,,,0.0,,
USC00045151,2017,5,6,,,0.0,,
USC00045151,2017,5,7,,,0.0,,
USC00045151,2017,5,8,,,0.0,,
USC00045151,2017,5,9,,,0.0,,
USC00045151,2017,6,1,,,0.0,,
USC00045151,2017,6,10,,,0.0,,
USC00045151,2017,6,11,,,0.0,,
USC00045151,2017,6,12,,,0.0,,
USC00045151,2017,6,13,,,0.0,,
USC00045151,2017,6,14,,,0.0,,
USC00045151,2017,6,15,,,0.0,,
USC00045151,2017,6,16,,,0.0,,
USC00045151,2017,6,17,,,0.0,,
USC00045151,2017,6,18,,,0.0,,
USC00045151,2017,6,19,,,0.0,,
USC00045151,2017,6,2,,,0.0,,
USC00045151,2017,6,20,,,0.0,,
USC00045151,2017,6,21,,,0.0,,
USC00045151,2017,6,22,,,0.0,,
USC00045151,2017,6,23,,,0.0,,
USC00045151,2017,6,24,,,0.0,,
USC00045151,2017,6,25,,,0.0,,
USC00045151,2017,6,26,,,0.0,,
USC00045151,2017,6,27,,,0.0,,
USC00045151,2017,6,28,,,0.0,,
USC00045151,2017,6,29,,,0.0,,
USC00045151,2017,6,3,,,0.0,,
USC00045151,2017,6,30,,,0.0,,
USC00045151,2017,6,31,,,-9999.0,,
USC00045151,2017,6,4,,,0.0,,
USC00045151,2017,6,5,,,0.0,,
USC00045151,2017,6,6,,,0.0,,
USC00045151,2017,6,7,,,0.0,,
USC00045151,2017,6,8,,,0.0,,
USC00045151,2017,6,9,,,0.0,,
USC00045151,2017,7,1,,,0.0,,
USC00045151,2017,7,10,,,0.0,,
USC00045151,2017,7,11,,,0.0,,
USC00045151,2017,7,12,,,0.0,,
USC00045151,2017,7,13,,,0.0,,
USC00045151,2017,7,14,,,0.0,,
USC00045151,2017,7,15,,,0.0,,
USC00045151,2017,7,16,,,0.0,,
USC00045151,2017,7,17,,,0.0,,
USC00045151,2017,7,18,,,0.0,,
USC00045151,2017,7,19,,,0.0,,
USC00045151,2017,7,2,,,0.0,,
USC00045151,2017,7,20,,,0.0,,
USC00045151,2017,7,21,,,0.0,,
USC00045151,2017,7,22,,,0.0,,
USC00045151,2017,7,23,,,0.0,,
USC00045151,2017,7,24,,,0.0,,
USC00045151,2017,7,25,,,0.0,,
USC00045151,2017,7,26,,,0.0,,
USC00045151,2017,7,27,,,0.0,,
USC00045151,2017,7,28,,,0.0,,
USC00045151,2017,7,29,,,0.0,,
USC00045151,2017,7,3,,,0.0,,
USC00045151,2017,7,30,,,0.0,,
USC00045151,2017,7,31,,,0.0,,
USC00045151,2017,7,4,,,0.0,,
USC00045151,2017,7,5,,,0.0,,
USC00045151,2017,7,6,,,0.0,,
USC00045151,2017,7,7,,,0.0,,
USC00045151,2017,7,8,,,0.0,,
USC00045151,2017,7,9,,,0.0,,
USC00045151,2017,8,1,,,0.0,,
USC00045151,2017,8,10,,,0.0,,
USC00045151,2017,8,11,,,0.0,,
USC00045151,2017,8,12,,,0.0,,
USC00045151,2017,8,13,,,0.0,,
USC00045151,2017,8,14,,,0.0,,
USC00045151,2017,8,15,,,0.0,,
USC00045151,2017,8,16,,,0.0,,
USC00045151,2017,8,17,,,0.0,,
USC00045151,2017,8,18,,,0.0,,
USC00045151,2017,8,19,,,0.0,,
USC00045151,2017,8,2,,,0.0,,
USC00045151,2017,8,20,,,0.0,,
USC00045151,2017,8,21,,,0.0,,
USC00045151,2017,8,22,,,0.0,,
USC00045151,2017,8,23,,,0.0,,
USC00045151,2017,8,24,,,0.0,,
USC00045151,2017,8,25,,,0.0,,
USC00045151,2017,8,26,,,0.0,,
USC00045151,2017,8,27,,,0.0,,
USC00045151,2017,8,28,,,0.0,,
USC00045151,2017,8,29,,,0.0,,
USC00045151,2017,8,3,,,0.0,,
USC00045151,2017,8,30,,,0.0,,
USC00045151,2017,8,31,,,0.0,,
USC00045151,2017,8,4,,,0.0,,
USC00045151,2017,8,5,,,0.0,,
USC00045151,2017,8,6,,,0.0,,
USC00045151,2017,8,7,,,0.0,,
USC00045151,2017,8,8,,,0.0,,
USC00045151,2017,8,9,,,0.0,,
USC00045151,2017,9,1,,,0.0,,
USC00045151,2017,9,10,,,0.0,,
USC00045151,2017,9,11,,,0.0,,
USC00045151,2017,9,12,,,0.0,,
USC00045151,2017,9,13,,,0.0,,
USC00045151,2017,9,14,,,0.0,,
USC00045151,2017,9,15,,,0.0,,
USC00045151,2017,9,16,,,0.0,,
USC00045151,2017,9,17,,,0.0,,
USC00045151,2017,9,18,,,0.0,,
USC00045151,2017,9,19,,,0.0,,
USC00045151,2017,9,2,,,0.0,,
USC00045151,2017,9,20,,,0.0,,
USC00045151,2017,9,21,,,0.0,,
USC00045151,2017,9,22,,,0.0,,
USC00045151,2017,9,23,,,0.0,,
USC00045151,2017,9,24,,,0.0,,
USC00045151,2017,9,25,,,0.0,,
USC00045151,2017,9,26,,,0.0,,
USC00045151,2017,9,27,,,0.0,,
USC00045151,2017,9,28,,,0.0,,
USC00045151,2017,9,29,,,0.0,,
USC00045151,2017,9,3,,,0.0,,
USC00045151,2017,9,30,,,0.0,,
USC00045151,2017,9,31,,,-9999.0,,
USC00045151,2017,9,4,,,0.0,,
USC00045151,2017,9,5,,,0.0,,
USC00045151,2017,9,6,,,0.0,,
USC00045151,2017,9,7,,,0.0,,
USC00045151,2017,9,8,,,0.0,,
USC00045151,2017,9,9,,,0.0,,
USC00045151,2017,10,1,,,0.0,,
USC00045151,2017,10,10,,,0.0,,
USC00045151,2017,10,11,,,0.0,,
USC00045151,2017,10,12,,,0.0,,
USC00045151,2017,10,13,,,0.0,,
USC00045151,2017,10,14,,,0.0,,
USC00045151,2017,10,15,,,0.0,,
USC00045151,2017,10,16,,,0.0,,
USC00045151,2017,10,17,,,0.0,,
USC00045151,2017,10,18,,,0.0,,
USC00045151,2017,10,19,,,0.0,,
USC00045151,2017,10,2,,,0.0,,
USC00045151,2017,10,20,,,0.0,,
USC00045151,2017,10,21,,,0.0,,
USC00045151,2017,10,22,,,0.0,,
USC00045151,2017,10,23,,,0.0,,
USC00045151,2017,10,24,,,0.0,,
USC00045151,2017,10,25,,,0.0,,
USC00045151,2017,10,26,,,0.0,,
USC00045151,2017,10,27,,,0.0,,
USC00045151,2017,10,28,,,0.0,,
USC00045151,2017,10,29,,,0.0,,
USC00045151,2017,10,3,,,0.0,,
USC00045151,2017,10,30,,,0.0,,
USC00045151,2017,10,31,,,0.0,,
USC00045151,2017,10,4,,,0.0,,
USC00045151,2017,10,5,,,0.0,,
USC00045151,2017,10,6,,,0.0,,
USC00045151,2017,10,7,,,0.0,,
USC00045151,2017,10,8,,,0.0,,
USC00045151,2017,10,9,,,0.0,,
USC00045151,2017,12,1,,,0.0,,
USC00045151,2017,12,10,,,0.0,,
USC00045151,2017,12,11,,,0.0,,
USC00045151,2017,12,12,,,0.0,,
USC00045151,2017,12,13,,,0.0,,
USC00045151,2017,12,14,,,0.0,,
USC00045151,2017,12,15,,,0.0,,
USC00045151,2017,12,16,,,0.0,,
USC00045151,2017,12,17,,,0.0,,
USC00045151,2017,12,18,,,0.0,,
USC00045151,2017,12,19,,,0.0,,
USC00045151,2017,12,2,,,0.0,,
USC00045151,2017,12,20,,,0.0,,
USC00045151,2017,12,21,,,0.0,,
USC00045151,2017,12,22,,,0.0,,
USC00045151,2017,12,23,,,0.0,,
USC00045151,2017,12,24,,,0.0,,
USC00045151,2017,12,25,,,0.0,,
USC00045151,2017,12,26,,,0.0,,
USC00045151,2017,12,27,,,0.0,,
USC00045151,2017,12,28,,,0.0,,
USC00045151,2017,12,29,,,0.0,,
USC00045151,2017,12,3,,,0.0,,
USC00045151,2017,12,30,,,0.0,,
USC00045151,2017,12,31,,,0.0,,
USC00045151,2017,12,4,,,0.0,,
USC00045151,2017,12,5,,,0.0,,
USC00045151,2017,12,6,,,0.0,,
USC00045151,2017,12,7,,,0.0,,
USC00045151,2017,12,8,,,0.0,,
USC00045151,2017,12,9,,,0.0,,
USC00045151,2018,1,1,,,0.0,,
USC00045151,2018,1,10,,,18.0,,
USC00045151,2018,1,11,,,0.0,,
USC00045151,2018,1,12,,,0.0,,
USC00045151,2018,1,13,,,0.0,,
USC00045151,2018,1,14,,,0.0,,
USC00045151,2018,1,15,,,0.0,,
USC00045151,2018,1,16,,,0.0,,
USC00045151,2018,1,17,,,0.0,,
USC00045151,2018,1,18,,,43.0,,
USC00045151,2018,1,19,,,28.0,,
USC00045151,2018,1,2,,,0.0,,
USC00045151,2018,1,20,,,0.0,,
USC00045151,2018,1,21,,,0.0,,
USC00045151,2018,1,22,,,0.0,,
USC00045151,2018,1,23,,,0.0,,
USC00045151,2018,1,24,,,0.0,,
USC00045151,2018,1,25,,,28.0,,
USC00045151,2018,1,26,,,10.0,,
USC00045151,2018,1,27,,,0.0,,
USC00045151,2018,1,28,,,0.0,,
USC00045151,2018,1,29,,,0.0,,
USC00045151,2018,1,3,,,0.0,,
USC00045151,2018,1,30,,,0.0,,
USC00045151,2018,1,31,,,0.0,,
USC00045151,2018,1,4,,,25.0,,
USC00045151,2018,1,5,,,20.0,,
USC00045151,2018,1,6,,,0.0,,
USC00045151,2018,1,7,,,0.0,,
USC00045151,2018,1,8,,,51.0,,
USC00045151,2018,1,9,,,145.0,,
USC00045151,2018,2,1,,,0.0,,
USC00045151,2018,2,10,,,0.0,,
USC00045151,2018,2,11,,,0.0,,
USC00045151,2018,2,12,,,0.0,,
USC00045151,2018,2,13,,,0.0,,
USC00045151,2018,2,14,,,0.0,,
USC00045151,2018,2,15,,,0.0,,
USC00045151,2018,2,16,,,0.0,,
USC00045151,2018,2,17,,,0.0,,
USC00045151,2018,2,18,,,0.0,,
USC00045151,2018,2,19,,,0.0,,
USC00045151,2018,2,2,,,0.0,,
USC00045151,2018,2,20,,,0.0,,
USC00045151,2018,2,21,,,0.0,,
USC00045151,2018,2,22,,,0.0,,
USC00045151,2018,2,23,,,0.0,,
USC00045151,2018,2,24,,,0.0,,
USC00045151,2018,2,25,,,0.0,,
USC00045151,2018,2,26,,,0.0,,
USC00045151,2018,2,27,,,64.0,,
USC00045151,2018,2,28,,,0.0,,
USC00045151,2018,2,29,,,-9999.0,,
USC00045151,2018,2,3,,,0.0,,
USC00045151,2018,2,30,,,-9999.0,,
USC00045151,2018,2,31,,,-9999.0,,
USC00045151,2018,2,4,,,0.0,,
USC00045151,2018,2,5,,,0.0,,
USC00045151,2018,2,6,,,0.0,,
USC00045151,2018,2,7,,,0.0,,
USC00045151,2018,2,8,,,0.0,,
USC00045151,2018,2,9,,,0.0,,
USC00045151,2018,3,1,,,0.0,,
USC00045151,2018,3,10,,,28.0,,
USC00045151,2018,3,11,,,0.0,,
USC00045151,2018,3,12,,,3.0,,
USC00045151,2018,3,13,,,0.0,,
USC00045151,2018,3,14,,,0.0,,
USC00045151,2018,3,15,,,38.0,,
USC00045151,2018,3,16,,,3.0,,
USC00045151,2018,3,17,,,0.0,,
USC00045151,2018,3,18,,,0.0,,
USC00045151,2018,3,19,,,0.0,,
USC00045151,2018,3,2,,,0.0,,
USC00045151,2018,3,20,,,119.0,,
USC00045151,2018,3,21,,,104.0,,
USC00045151,2018,3,22,,,58.0,,
USC00045151,2018,3,23,,,0.0,,
USC00045151,2018,3,24,,,0.0,,
USC00045151,2018,3,25,,,0.0,,
USC00045151,2018,3,26,,,0.0,,
USC00045151,2018,3,27,,,0.0,,
USC00045151,2018,3,28,,,0.0,,
USC00045151,2018,3,29,,,0.0,,
USC00045151,2018,3,3,,,3.0,,
USC00045151,2018,3,30,,,0.0,,
USC00045151,2018,3,31,,,0.0,,
USC00045151,2018,3,4,,,3.0,,
USC00045151,2018,3,5,,,0.0,,
USC00045151,2018,3,6,,,0.0,,
USC00045151,2018,3,7,,,0.0,,
USC00045151,2018,3,8,,,0.0,,
USC00045151,2018,3,9,,,0.0,,
USC00045151,2018,4,1,,,0.0,,
USC00045151,2018,4,10,,,0.0,,
USC00045151,2018,4,11,,,25.0,,
USC00045151,2018,4,12,,,0.0,,
USC00045151,2018,4,13,,,0.0,,
USC00045151,2018,4,14,,,0.0,,
USC00045151,2018,4,15,,,0.0,,
USC00045151,2018,4,16,,,0.0,,
USC00045151,2018,4,17,,,0.0,,
USC00045151,2018,4,18,,,0.0,,
USC00045151,2018,4,19,,,0.0,,
USC00045151,2018,4,2,,,0.0,,
USC00045151,2018,4,20,,,0.0,,
USC00045151,2018,4,21,,,0.0,,
USC00045151,2018,4,22,,,0.0,,
USC00045151,2018,4,23,,,0.0,,
USC00045151,2018,4,24,,,0.0,,
USC00045151,2018,4,25,,,0.0,,
USC00045151,2018,4,26,,,0.0,,
USC00045151,2018,4,27,,,0.0,,
USC00045151,2018,4,28,,,0.0,,
USC00045151,2018,4,29,,,0.0,,
USC00045151,2018,4,3,,,0.0,,
USC00045151,2018,4,30,,,0.0,,
USC00045151,2018,4,31,,,-9999.0,,
USC00045151,2018,4,4,,,0.0,,
USC00045151,2018,4,5,,,0.0,,
USC00045151,2018,4,6,,,0.0,,
USC00045151,2018,4,7,,,18.0,,
USC00045151,2018,4,8,,,0.0,,
USC00045151,2018,4,9,,,0.0,,
USC00045151,2018,5,1,,,0.0,,
USC00045151,2018,5,10,,,0.0,,
USC00045151,2018,5,11,,,0.0,,
USC00045151,2018,5,12,,,0.0,,
USC00045151,2018,5,13,,,0.0,,
USC00045151,2018,5,14,,,0.0,,
USC00045151,2018,5,15,,,0.0,,
USC00045151,2018,5,16,,,0.0,,
USC00045151,2018,5,17,,,0.0,,
USC00045151,2018,5,18,,,0.0,,
USC00045151,2018,5,19,,,0.0,,
USC00045151,2018,5,2,,,0.0,,
USC00045151,2018,5,20,,,0.0,,
USC00045151,2018,5,21,,,0.0,,
USC00045151,2018,5,22,,,0.0,,
USC00045151,2018,5,23,,,0.0,,
USC00045151,2018,5,24,,,0.0,,
USC00045151,2018,5,25,,,0.0,,
USC00045151,2018,5,26,,,0.0,,
USC00045151,2018,5,27,,,0.0,,
USC00045151,2018,5,28,,,0.0,,
USC00045151,2018,5,29,,,0.0,,
USC00045151,2018,5,3,,,0.0,,
USC00045151,2018,5,30,,,0.0,,
USC00045151,2018,5,31,,,0.0,,
USC00045151,2018,5,4,,,0.0,,
USC00045151,2018,5,5,,,0.0,,
USC00045151,2018,5,6,,,0.0,,
USC00045151,2018,5,7,,,0.0,,
USC00045151,2018,5,8,,,0.0,,
USC00045151,2018,5,9,,,0.0,,
USC00045151,2018,6,1,,,0.0,,
USC00045151,2018,6,10,,,0.0,,
USC00045151,2018,6,11,,,0.0,,
USC00045151,2018,6,12,,,0.0,,
USC00045151,2018,6,13,,,0.0,,
USC00045151,2018,6,14,,,0.0,,
USC00045151,2018,6,15,,,0.0,,
USC00045151,2018,6,16,,,0.0,,
USC00045151,2018,6,17,,,0.0,,
USC00045151,2018,6,18,,,0.0,,
USC00045151,2018,6,19,,,0.0,,
USC00045151,2018,6,2,,,0.0,,
USC00045151,2018,6,20,,,0.0,,
USC00045151,2018,6,21,,,0.0,,
USC00045151,2018,6,22,,,0.0,,
USC00045151,2018,6,23,,,0.0,,
USC00045151,2018,6,24,,,0.0,,
USC00045151,2018,6,25,,,0.0,,
USC00045151,2018,6,26,,,0.0,,
USC00045151,2018,6,27,,,0.0,,
USC00045151,2018,6,28,,,0.0,,
USC00045151,2018,6,29,,,0.0,,
USC00045151,2018,6,3,,,0.0,,
USC00045151,2018,6,30,,,0.0,,
USC00045151,2018,6,31,,,-9999.0,,
USC00045151,2018,6,4,,,0.0,,
USC00045151,2018,6,5,,,0.0,,
USC00045151,2018,6,6,,,0.0,,
USC00045151,2018,6,7,,,0.0,,
USC00045151,2018,6,8,,,0.0,,
USC00045151,2018,6,9,,,0.0,,
USC00045151,2018,7,1,,,0.0,,
USC00045151,2018,7,10,,,0.0,,
USC00045151,2018,7,11,,,0.0,,
USC00045151,2018,7,12,,,0.0,,
USC00045151,2018,7,13,,,0.0,,
USC00045151,2018,7,14,,,0.0,,
USC00045151,2018,7,15,,,0.0,,
USC00045151,2018,7,16,,,0.0,,
USC00045151,2018,7,17,,,0.0,,
USC00045151,2018,7,18,,,0.0,,
USC00045151,2018,7,19,,,0.0,,
USC00045151,2018,7,2,,,0.0,,
USC00045151,2018,7,20,,,0.0,,
USC00045151,2018,7,21,,,0.0,,
USC00045151,2018,7,22,,,0.0,,
USC00045151,2018,7,23,,,0.0,,
USC00045151,2018,7,24,,,0.0,,
USC00045151,2018,7,25,,,0.0,,
USC00045151,2018,7,26,,,0.0,,
USC00045151,2018,7,27,,,0.0,,
USC00045151,2018,7,28,,,0.0,,
USC00045151,2018,7,29,,,0.0,,
USC00045151,2018,7,3,,,0.0,,
USC00045151,2018,7,30,,,0.0,,
USC00045151,2018,7,31,,,0.0,,
USC00045151,2018,7,4,,,0.0,,
USC00045151,2018,7,5,,,0.0,,
USC00045151,2018,7,6,,,0.0,,
USC00045151,2018,7,7,,,0.0,,
USC00045151,2018,7,8,,,0.0,,
USC00045151,2018,7,9,,,0.0,,
USC00045151,2018,8,1,,,0.0,,
USC00045151,2018,8,10,,,0.0,,
USC00045151,2018,8,11,,,0.0,,
USC00045151,2018,8,12,,,0.0,,
USC00045151,2018,8,13,,,0.0,,
USC00045151,2018,8,14,,,0.0,,
USC00045151,2018,8,15,,,0.0,,
USC00045151,2018,8,16,,,0.0,,
USC00045151,2018,8,17,,,0.0,,
USC00045151,2018,8,18,,,0.0,,
USC00045151,2018,8,19,,,0.0,,
USC00045151,2018,8,2,,,0.0,,
USC00045151,2018,8,20,,,0.0,,
USC00045151,2018,8,21,,,0.0,,
USC00045151,2018,8,22,,,0.0,,
USC00045151,2018,8,23,,,0.0,,
USC00045151,2018,8,24,,,0.0,,
USC00045151,2018,8,25,,,0.0,,
USC00045151,2018,8,26,,,0.0,,
USC00045151,2018,8,27,,,0.0,,
USC00045151,2018,8,28,,,0.0,,
USC00045151,2018,8,29,,,0.0,,
USC00045151,2018,8,3,,,0.0,,
USC00045151,2018,8,30,,,0.0,,
USC00045151,2018,8,31,,,0.0,,
USC00045151,2018,8,4,,,0.0,,
USC00045151,2018,8,5,,,0.0,,
USC00045151,2018,8,6,,,0.0,,
USC00045151,2018,8,7,,,0.0,,
USC00045151,2018,8,8,,,0.0,,
USC00045151,2018,8,9,,,0.0,,
USC00045151,2018,9,1,,,0.0,,
USC00045151,2018,9,10,,,0.0,,
USC00045151,2018,9,11,,,0.0,,
USC00045151,2018,9,12,,,0.0,,
USC00045151,2018,9,13,,,0.0,,
USC00045151,2018,9,14,,,0.0,,
USC00045151,2018,9,15,,,0.0,,
USC00045151,2018,9,16,,,0.0,,
USC00045151,2018,9,17,,,0.0,,
USC00045151,2018,9,18,,,0.0,,
USC00045151,2018,9,19,,,0.0,,
USC00045151,2018,9,2,,,0.0,,
USC00045151,2018,9,20,,,0.0,,
USC00045151,2018,9,21,,,0.0,,
USC00045151,2018,9,22,,,0.0,,
USC00045151,2018,9,23,,,0.0,,
USC00045151,2018,9,24,,,0.0,,
USC00045151,2018,9,25,,,0.0,,
USC00045151,2018,9,26,,,0.0,,
USC00045151,2018,9,27,,,0.0,,
USC00045151,2018,9,28,,,0.0,,
USC00045151,2018,9,29,,,0.0,,
USC00045151,2018,9,3,,,0.0,,
USC00045151,2018,9,30,,,0.0,,
USC00045151,2018,9,31,,,-9999.0,,
USC00045151,2018,9,4,,,0.0,,
USC00045151,2018,9,5,,,0.0,,
USC00045151,2018,9,6,,,0.0,,
USC00045151,2018,9,7,,,0.0,,
USC00045151,2018,9,8,,,0.0,,
USC00045151,2018,9,9,,,0.0,,
USC00045151,2018,10,1,,,0.0,,
USC00045151,2018,10,10,,,0.0,,
USC00045151,2018,10,11,,,0.0,,
USC00045151,2018,10,12,,,0.0,,
USC00045151,2018,10,13,,,0.0,,
USC00045151,2018,10,14,,,0.0,,
USC00045151,2018,10,15,,,0.0,,
USC00045151,2018,10,16,,,0.0,,
USC00045151,2018,10,17,,,0.0,,
USC00045151,2018,10,18,,,0.0,,
USC00045151,2018,10,19,,,0.0,,
USC00045151,2018,10,2,,,0.0,,
USC00045151,2018,10,20,,,0.0,,
USC00045151,2018,10,21,,,0.0,,
USC00045151,2018,10,22,,,0.0,,
USC00045151,2018,10,23,,,0.0,,
USC00045151,2018,10,24,,,0.0,,
USC00045151,2018,10,25,,,0.0,,
USC00045151,2018,10,26,,,0.0,,
USC00045151,2018,10,27,,,0.0,,
USC00045151,2018,10,28,,,0.0,,
USC00045151,2018,10,29,,,0.0,,
USC00045151,2018,10,3,,,0.0,,
USC00045151,2018,10,30,,,0.0,,
USC00045151,2018,10,31,,,0.0,,
USC00045151,2018,10,4,,,292.0,,
USC00045151,2018,10,5,,,0.0,,
USC00045151,2018,10,6,,,0.0,,
USC00045151,2018,10,7,,,0.0,,
USC00045151,2018,10,8,,,0.0,,
USC00045151,2018,10,9,,,0.0,,
USC00045151,2018,11,1,,,0.0,,
USC00045151,2018,11,10,,,0.0,,
USC00045151,2018,11,11,,,0.0,,
USC00045151,2018,11,12,,,0.0,,
USC00045151,2018,11,13,,,0.0,,
USC00045151,2018,11,14,,,0.0,,
USC00045151,2018,11,15,,,0.0,,
USC00045151,2018,11,16,,,0.0,,
USC00045151,2018,11,17,,,0.0,,
USC00045151,2018,11,18,,,0.0,,
USC00045151,2018,11,19,,,0.0,,
USC00045151,2018,11,2,,,0.0,,
USC00045151,2018,11,20,,,0.0,,
USC00045151,2018,11,21,,,0.0,,
USC00045151,2018,11,22,,,0.0,,
USC00045151,2018,11,23,,,0.0,,
USC00045151,2018,11,24,,,0.0,,
USC00045151,2018,11,25,,,0.0,,
USC00045151,2018,11,26,,,0.0,,
USC00045151,2018,11,27,,,0.0,,
USC00045151,2018,11,28,,,191.0,,
USC00045151,2018,11,29,,,25.0,,
USC00045151,2018,11,3,,,0.0,,
USC00045151,2018,11,30,,,0.0,,
USC00045151,2018,11,31,,,-9999.0,,
USC00045151,2018,11,4,,,0.0,,
USC00045151,2018,11,5,,,0.0,,
USC00045151,2018,11,6,,,0.0,,
USC00045151,2018,11,7,,,0.0,,
USC00045151,2018,11,8,,,0.0,,
USC00045151,2018,11,9,,,0.0,,
USC00045151,2018,12,1,,,18.0,,
USC00045151,2018,12,10,,,0.0,,
USC00045151,2018,12,11,,,0.0,,
USC00045151,2018,12,12,,,0.0,,
USC00045151,2018,12,13,,,0.0,,
USC00045151,2018,12,14,,,0.0,,
USC00045151,2018,12,15,,,0.0,,
USC00045151,2018,12,16,,,0.0,,
USC00045151,2018,12,17,,,8.0,,
USC00045151,2018,12,18,,,0.0,,
USC00045151,2018,12,19,,,0.0,,
USC00045151,2018,12,2,,,0.0,,
USC00045151,2018,12,20,,,0.0,,
USC00045151,2018,12,21,,,0.0,,
USC00045151,2018,12,22,,,0.0,,
USC00045151,2018,12,23,,,0.0,,
USC00045151,2018,12,24,,,0.0,,
USC00045151,2018,12,25,,,20.0,,
USC00045151,2018,12,26,,,0.0,,
USC00045151,2018,12,27,,,0.0,,
USC00045151,2018,12,28,,,0.0,,
USC00045151,2018,12,29,,,0.0,,
USC00045151,2018,12,3,,,0.0,,
USC00045151,2018,12,30,,,0.0,,
USC00045151,2018,12,31,,,0.0,,
USC00045151,2018,12,4,,,0.0,,
USC00045151,2018,12,5,,,23.0,,
USC00045151,2018,12,6,,,38.0,,
USC00045151,2018,12,7,,,0.0,,
USC00045151,2018,12,8,,,0.0,,
USC00045151,2018,12,9,,,0.0,,
USC00045151,2019,1,1,,,0.0,,
USC00045151,2019,1,10,,,0.0,,
USC00045151,2019,1,11,,,0.0,,
USC00045151,2019,1,12,,,10.0,,
USC00045151,2019,1,13,,,0.0,,
USC00045151,2019,1,14,,,0.0,,
USC00045151,2019,1,15,,,0.0,,
USC00045151,2019,1,16,,,0.0,,
USC00045151,2019,1,17,,,0.0,,
USC00045151,2019,1,18,,,0.0,,
USC00045151,2019,1,19,,,0.0,,
USC00045151,2019,1,2,,,0.0,,
USC00045151,2019,1,20,,,0.0,,
USC00045151,2019,1,21,,,0.0,,
USC00045151,2019,1,22,,,0.0,,
USC00045151,2019,1,23,,,0.0,,
USC00045151,2019,1,24,,,0.0,,
USC00045151,2019,1,25,,,0.0,,
USC00045151,2019,1,26,,,0.0,,
USC00045151,2019,1,27,,,0.0,,
USC00045151,2019,1,28,,,0.0,,
USC00045151,2019,1,29,,,0.0,,
USC00045151,2019,1,3,,,0.0,,
USC00045151,2019,1,30,,,0.0,,
USC00045151,2019,1,31,,,381.0,,
USC00045151,2019,1,4,,,0.0,,
USC00045151,2019,1,5,,,79.0,,
USC00045151,2019,1,6,,,0.0,,
USC00045151,2019,1,7,,,0.0,,
USC00045151,2019,1,8,,,0.0,,
USC00045151,2019,1,9,,,43.0,,
USC00045151,2019,2,1,,,0.0,,
USC00045151,2019,2,10,,,25.0,,
USC00045151,2019,2,11,,,0.0,,
USC00045151,2019,2,12,,,0.0,,
USC00045151,2019,2,13,,,0.0,,
USC00045151,2019,2,14,,,0.0,,
USC00045151,2019,2,15,,,0.0,,
USC00045151,2019,2,16,,,61.0,,
USC00045151,2019,2,17,,,28.0,,
USC00045151,2019,2,18,,,3.0,,
USC00045151,2019,2,19,,,0.0,,
USC00045151,2019,2,2,,,48.0,,
USC00045151,2019,2,20,,,0.0,,
USC00045151,2019,2,21,,,0.0,,
USC00045151,2019,2,22,,,0.0,,
USC00045151,2019,2,23,,,0.0,,
USC00045151,2019,2,24,,,0.0,,
USC00045151,2019,2,25,,,0.0,,
USC00045151,2019,2,26,,,0.0,,
USC00045151,2019,2,27,,,74.0,,
USC00045151,2019,2,28,,,0.0,,
USC00045151,2019,2,29,,,-9999.0,,
USC00045151,2019,2,3,,,46.0,,
USC00045151,2019,2,30,,,-9999.0,,
USC00045151,2019,2,31,,,-9999.0,,
USC00045151,2019,2,4,,,46.0,,
USC00045151,2019,2,5,,,10.0,,
USC00045151,2019,2,6,,,0.0,,
USC00045151,2019,2,7,,,0.0,,
USC00045151,2019,2,8,,,15.0,,
USC00045151,2019,2,9,,,18.0,,
USC00045151,2019,3,1,,,0.0,,
USC00045151,2019,3,10,,,0.0,,
USC00045151,2019,3,11,,,0.0,,
USC00045151,2019,3,12,,,0.0,,
USC00045151,2019,3,13,,,0.0,,
USC00045151,2019,3,14,,,0.0,,
USC00045151,2019,3,15,,,0.0,,
USC00045151,2019,3,16,,,0.0,,
USC00045151,2019,3,17,,,0.0,,
USC00045151,2019,3,18,,,0.0,,
USC00045151,2019,3,19,,,0.0,,
USC00045151,2019,3,2,,,0.0,,
USC00045151,2019,3,20,,,0.0,,
USC00045151,2019,3,21,,,0.0,,
USC00045151,2019,3,22,,,0.0,,
USC00045151,2019,3,23,,,0.0,,
USC00045151,2019,3,24,,,0.0,,
USC00045151,2019,3,25,,,0.0,,
USC00045151,2019,3,26,,,0.0,,
USC00045151,2019,3,27,,,0.0,,
USC00045151,2019,3,28,,,0.0,,
USC00045151,2019,3,29,,,0.0,,
USC00045151,2019,3,3,,,0.0,,
USC00045151,2019,3,30,,,0.0,,
USC00045151,2019,3,31,,,0.0,,
USC00045151,2019,3,4,,,122.0,,
USC00045151,2019,3,5,,,0.0,,
USC00045151,2019,3,6,,,0.0,,
USC00045151,2019,3,7,,,315.0,,
USC00045151,2019,3,8,,,5.0,,
USC00045151,2019,3,9,,,0.0,,
USC00045151,2019,7,1,,,0.0,,
USC00045151,2019,7,10,,,0.0,,
USC00045151,2019,7,11,,,0.0,,
USC00045151,2019,7,12,,,0.0,,
USC00045151,2019,7,13,,,0.0,,
USC00045151,2019,7,14,,,0.0,,
USC00045151,2019,7,15,,,0.0,,
USC00045151,2019,7,16,,,0.0,,
USC00045151,2019,7,17,,,0.0,,
USC00045151,2019,7,18,,,0.0,,
USC00045151,2019,7,19,,,0.0,,
USC00045151,2019,7,2,,,0.0,,
USC00045151,2019,7,20,,,0.0,,
USC00045151,2019,7,21,,,0.0,,
USC00045151,2019,7,22,,,0.0,,
USC00045151,2019,7,23,,,0.0,,
USC00045151,2019,7,24,,,0.0,,
USC00045151,2019,7,25,,,0.0,,
USC00045151,2019,7,26,,,0.0,,
USC00045151,2019,7,27,,,0.0,,
USC00045151,2019,7,28,,,0.0,,
USC00045151,2019,7,29,,,0.0,,
USC00045151,2019,7,3,,,0.0,,
USC00045151,2019,7,30,,,0.0,,
USC00045151,2019,7,31,,,0.0,,
USC00045151,2019,7,4,,,0.0,,
USC00045151,2019,7,5,,,0.0,,
USC00045151,2019,7,6,,,0.0,,
USC00045151,2019,7,7,,,0.0,,
USC00045151,2019,7,8,,,0.0,,
USC00045151,2019,7,9,,,0.0,,
USC00045151,2019,8,1,,,0.0,,
USC00045151,2019,8,10,,,0.0,,
USC00045151,2019,8,11,,,0.0,,
USC00045151,2019,8,12,,,0.0,,
USC00045151,2019,8,13,,,0.0,,
USC00045151,2019,8,14,,,0.0,,
USC00045151,2019,8,15,,,0.0,,
USC00045151,2019,8,16,,,0.0,,
USC00045151,2019,8,17,,,0.0,,
USC00045151,2019,8,18,,,0.0,,
USC00045151,2019,8,19,,,0.0,,
USC00045151,2019,8,2,,,0.0,,
USC00045151,2019,8,20,,,0.0,,
USC00045151,2019,8,21,,,0.0,,
USC00045151,2019,8,22,,,0.0,,
USC00045151,2019,8,23,,,0.0,,
USC00045151,2019,8,24,,,0.0,,
USC00045151,2019,8,25,,,0.0,,
USC00045151,2019,8,26,,,0.0,,
USC00045151,2019,8,27,,,0.0,,
USC00045151,2019,8,28,,,0.0,,
USC00045151,2019,8,29,,,0.0,,
USC00045151,2019,8,3,,,0.0,,
USC00045151,2019,8,30,,,0.0,,
USC00045151,2019,8,31,,,0.0,,
USC00045151,2019,8,4,,,0.0,,
USC00045151,2019,8,5,,,0.0,,
USC00045151,2019,8,6,,,0.0,,
USC00045151,2019,8,7,,,0.0,,
USC00045151,2019,8,8,,,0.0,,
USC00045151,2019,8,9,,,0.0,,
USC00045151,2019,11,1,,,0.0,,
USC00045151,2019,11,10,,,0.0,,
USC00045151,2019,11,11,,,0.0,,
USC00045151,2019,11,12,,,0.0,,
USC00045151,2019,11,13,,,0.0,,
USC00045151,2019,11,14,,,0.0,,
USC00045151,2019,11,15,,,0.0,,
USC00045151,2019,11,16,,,0.0,,
USC00045151,2019,11,17,,,0.0,,
USC00045151,2019,11,18,,,0.0,,
USC00045151,2019,11,19,,,0.0,,
USC00045151,2019,11,2,,,0.0,,
USC00045151,2019,11,20,,,0.0,,
USC00045151,2019,11,21,,,0.0,,
USC00045151,2019,11,22,,,0.0,,
USC00045151,2019,11,23,,,0.0,,
USC00045151,2019,11,24,,,0.0,,
USC00045151,2019,11,25,,,0.0,,
USC00045151,2019,11,26,,,0.0,,
USC00045151,2019,11,27,,,51.0,,
USC00045151,2019,11,28,,,25.0,,
USC00045151,2019,11,29,,,20.0,,
USC00045151,2019,11,3,,,0.0,,
USC00045151,2019,11,30,,,5.0,,
USC00045151,2019,11,31,,,-9999.0,,
USC00045151,2019,11,4,,,0.0,,
USC00045151,2019,11,5,,,0.0,,
USC00045151,2019,11,6,,,0.0,,
USC00045151,2019,11,7,,,0.0,,
USC00045151,2019,11,8,,,0.0,,
USC00045151,2019,11,9,,,0.0,,
USC00045151,2019,12,1,,,74.0,,
USC00045151,2019,12,10,,,0.0,,
USC00045151,2019,12,11,,,0.0,,
USC00045151,2019,12,12,,,0.0,,
USC00045151,2019,12,13,,,0.0,,
USC00045151,2019,12,14,,,0.0,,
USC00045151,2019,12,15,,,0.0,,
USC00045151,2019,12,16,,,0.0,,
USC00045151,2019,12,17,,,0.0,,
USC00045151,2019,12,18,,,0.0,,
USC00045151,2019,12,19,,,0.0,,
USC00045151,2019,12,2,,,0.0,,
USC00045151,2019,12,20,,,0.0,,
USC00045151,2019,12,21,,,0.0,,
USC00045151,2019,12,22,,,0.0,,
USC00045151,2019,12,23,,,84.0,,
USC00045151,2019,12,24,,,46.0,,
USC00045151,2019,12,25,,,102.0,,
USC00045151,2019,12,26,,,51.0,,
USC00045151,2019,12,27,,,38.0,,
USC00045151,2019,12,28,,,0.0,,
USC00045151,2019,12,29,,,0.0,,
USC00045151,2019,12,3,,,61.0,,
USC00045151,2019,12,30,,,0.0,,
USC00045151,2019,12,31,,,0.0,,
USC00045151,2019,12,4,,,0.0,,
USC00045151,2019,12,5,,,41.0,,
USC00045151,2019,12,6,,,0.0,,
USC00045151,2019,12,7,,,0.0,,
USC00045151,2019,12,8,,,23.0,,
USC00045151,2019,12,9,,,0.0,,
USC00045151,2020,1,1,,,0.0,,
USC00045151,2020,1,10,,,0.0,,
USC00045151,2020,1,11,,,0.0,,
USC00045151,2020,1,12,,,0.0,,
USC00045151,2020,1,13,,,0.0,,
USC00045151,2020,1,14,,,0.0,,
USC00045151,2020,1,15,,,0.0,,
USC00045151,2020,1,16,,,25.0,,
USC00045151,2020,1,17,,,0.0,,
USC00045151,2020,1,18,,,0.0,,
USC00045151,2020,1,19,,,0.0,,
USC00045151,2020,1,2,,,0.0,,
USC00045151,2020,1,20,,,0.0,,
USC00045151,2020,1,21,,,0.0,,
USC00045151,2020,1,22,,,0.0,,
USC00045151,2020,1,23,,,0.0,,
USC00045151,2020,1,24,,,0.0,,
USC00045151,2020,1,25,,,0.0,,
USC00045151,2020,1,26,,,0.0,,
USC00045151,2020,1,27,,,0.0,,
USC00045151,2020,1,28,,,0.0,,
USC00045151,2020,1,29,,,0.0,,
USC00045151,2020,1,3,,,0.0,,
USC00045151,2020,1,30,,,0.0,,
USC00045151,2020,1,31,,,0.0,,
USC00045151,2020,1,4,,,0.0,,
USC00045151,2020,1,5,,,0.0,,
USC00045151,2020,1,6,,,0.0,,
USC00045151,2020,1,7,,,0.0,,
USC00045151,2020,1,8,,,0.0,,
USC00045151,2020,1,9,,,25.0,,
